,club_name,player_name,age,position,club_involved_name,fee,transfer_movement,transfer_period,fee_cleaned,league_name,year,season
196129,Arsenal FC,Jakub Kiwior,22.0,Centre-Back,Spezia Calcio,€25.00m,in,Winter,25.0,Premier League,2022,2022/2023
196130,Arsenal FC,Leandro Trossard,28.0,Left Winger,Brighton & Hove Albion,€24.00m,in,Winter,24.0,Premier League,2022,2022/2023
196131,Arsenal FC,Jorginho,31.0,Defensive Midfield,Chelsea FC,€11.30m,in,Winter,11.3,Premier League,2022,2022/2023
196135,Aston Villa,Jhon Durán,19.0,Centre-Forward,Chicago Fire FC,€16.64m,in,Winter,16.64,Premier League,2022,2022/2023
196136,Aston Villa,Álex Moreno,29.0,Left-Back,Real Betis Balompié,€13.50m,in,Winter,13.5,Premier League,2022,2022/2023
196137,Aston Villa,Bertrand Traoré,27.0,Right Winger,Basaksehir FK,"End of loanJan 31, 2023",in,Winter,,Premier League,2022,2022/2023
196138,Aston Villa,Viljami Sinisalo,21.0,Goalkeeper,Burton Albion,"End of loanJan 2, 2023",in,Winter,,Premier League,2022,2022/2023
196146,AFC Bournemouth,Ilya Zabarnyi,20.0,Centre-Back,Dynamo Kyiv,€22.70m,in,Winter,22.7,Premier League,2022,2022/2023
196147,AFC Bournemouth,Dango Ouattara,20.0,Right Winger,FC Lorient,€22.50m,in,Winter,22.5,Premier League,2022,2022/2023
196148,AFC Bournemouth,Antoine Semenyo,23.0,Centre-Forward,Bristol City,€10.25m,in,Winter,10.25,Premier League,2022,2022/2023
196149,AFC Bournemouth,Matías Viña,25.0,Left-Back,AS Roma,Loan fee:€750k,in,Winter,0.75,Premier League,2022,2022/2023
196150,AFC Bournemouth,Darren Randolph,35.0,Goalkeeper,West Ham United,free transfer,in,Winter,0.0,Premier League,2022,2022/2023
196151,AFC Bournemouth,Hamed Junior Traorè,22.0,Attacking Midfield,US Sassuolo,loan transfer,in,Winter,,Premier League,2022,2022/2023
196152,AFC Bournemouth,Gavin Kilkenny,22.0,Central Midfield,Stoke City,"End of loanJan 30, 2023",in,Winter,,Premier League,2022,2022/2023
196160,Brentford FC,Kevin Schade,21.0,Right Winger,SC Freiburg,Loan fee:€1.00m,in,Winter,1.0,Premier League,2022,2022/2023
196161,Brentford FC,Tariqe Fosu,27.0,Left Winger,Stoke City,"End of loanJan 19, 2023",in,Winter,,Premier League,2022,2022/2023
196162,Brentford FC,Mads Bech Sörensen,23.0,Centre-Back,OGC Nice,"End of loanJan 1, 2023",in,Winter,,Premier League,2022,2022/2023
196163,Brentford FC,Fin Stevens,19.0,Right-Back,Swansea City,"End of loanJan 1, 2023",in,Winter,,Premier League,2022,2022/2023
196164,Brentford FC,Ellery Balcombe,23.0,Goalkeeper,Crawley Town,"End of loanJan 17, 2023",in,Winter,,Premier League,2022,2022/2023
196170,Brighton & Hove Albion,Facundo Buonanotte,18.0,Attacking Midfield,CA Rosario Central,€6.00m,in,Winter,6.0,Premier League,2022,2022/2023
196171,Brighton & Hove Albion,Yasin Ayari,19.0,Central Midfield,AIK Solna,€4.00m,in,Winter,4.0,Premier League,2022,2022/2023
196172,Brighton & Hove Albion,Aaron Connolly,22.0,Centre-Forward,Venezia FC,"End of loanJan 5, 2023",in,Winter,,Premier League,2022,2022/2023
196173,Brighton & Hove Albion,Shane Duffy,31.0,Centre-Back,Fulham FC,"End of loanJan 30, 2023",in,Winter,,Premier League,2022,2022/2023
196177,Chelsea FC,Enzo Fernández,22.0,Central Midfield,SL Benfica,€121.00m,in,Winter,121.0,Premier League,2022,2022/2023
196178,Chelsea FC,Mykhaylo Mudryk,22.0,Left Winger,Shakhtar Donetsk,€70.00m,in,Winter,70.0,Premier League,2022,2022/2023
196179,Chelsea FC,Benoît Badiashile,21.0,Centre-Back,AS Monaco,€38.00m,in,Winter,38.0,Premier League,2022,2022/2023
196180,Chelsea FC,Noni Madueke,20.0,Right Winger,PSV Eindhoven,€35.00m,in,Winter,35.0,Premier League,2022,2022/2023
196181,Chelsea FC,Malo Gusto,19.0,Right-Back,Olympique Lyon,€30.00m,in,Winter,30.0,Premier League,2022,2022/2023
196182,Chelsea FC,Andrey Santos,18.0,Central Midfield,Clube de Regatas Vasco da Gama,€12.50m,in,Winter,12.5,Premier League,2022,2022/2023
196183,Chelsea FC,David Datro Fofana,20.0,Centre-Forward,Molde FK,€12.00m,in,Winter,12.0,Premier League,2022,2022/2023
196184,Chelsea FC,João Félix,23.0,Second Striker,Atlético de Madrid,Loan fee:€11.00m,in,Winter,11.0,Premier League,2022,2022/2023
196185,Chelsea FC,Gabriel Slonina,18.0,Goalkeeper,Chicago Fire FC,"End of loanDec 31, 2022",in,Winter,,Premier League,2022,2022/2023
196189,Crystal Palace,Naouirou Ahamada,20.0,Central Midfield,VfB Stuttgart,€12.00m,in,Winter,12.0,Premier League,2022,2022/2023
196190,Crystal Palace,Albert Sambi Lokonga,23.0,Central Midfield,Arsenal FC,loan transfer,in,Winter,,Premier League,2022,2022/2023
196191,Crystal Palace,Luke Plange,20.0,Centre-Forward,RWD Molenbeek,"End of loanJan 29, 2023",in,Winter,,Premier League,2022,2022/2023
196195,Everton FC,Ellis Simms,21.0,Centre-Forward,Everton FC U21,-,in,Winter,,Premier League,2022,2022/2023
196196,Everton FC,Niels Nkounkou,22.0,Left-Back,Cardiff City,"End of loanJan 13, 2023",in,Winter,,Premier League,2022,2022/2023
196201,Fulham FC,Sasa Lukic,26.0,Central Midfield,Torino FC,€9.10m,in,Winter,9.1,Premier League,2022,2022/2023
196202,Fulham FC,Shane Duffy,31.0,Centre-Back,Brighton & Hove Albion,?,in,Winter,,Premier League,2022,2022/2023
196203,Fulham FC,Cédric Soares,31.0,Right-Back,Arsenal FC,loan transfer,in,Winter,,Premier League,2022,2022/2023
196204,Fulham FC,Tyrese Francois,22.0,Central Midfield,HNK Gorica,"End of loanJan 10, 2023",in,Winter,,Premier League,2022,2022/2023
196205,Fulham FC,Anthony Knockaert,31.0,Right Winger,Volos NPS,"End of loanJan 10, 2023",in,Winter,,Premier League,2022,2022/2023
196211,Leeds United,Georginio Rutter,20.0,Centre-Forward,TSG 1899 Hoffenheim,€28.00m,in,Winter,28.0,Premier League,2022,2022/2023
196212,Leeds United,Maximilian Wöber,24.0,Centre-Back,Red Bull Salzburg,€12.00m,in,Winter,12.0,Premier League,2022,2022/2023
196213,Leeds United,Weston McKennie,24.0,Central Midfield,Juventus FC,Loan fee:€1.25m,in,Winter,1.25,Premier League,2022,2022/2023
196218,Leicester City,Harry Souttar,24.0,Centre-Back,Stoke City,€17.00m,in,Winter,17.0,Premier League,2022,2022/2023
196219,Leicester City,Victor Kristiansen,20.0,Left-Back,FC Copenhagen,€14.00m,in,Winter,14.0,Premier League,2022,2022/2023
196220,Leicester City,Tetê,22.0,Right Winger,Shakhtar Donetsk,loan transfer,in,Winter,,Premier League,2022,2022/2023
196221,Leicester City,George Hirst,23.0,Centre-Forward,Blackburn Rovers,"End of loanJan 7, 2023",in,Winter,,Premier League,2022,2022/2023
196225,Liverpool FC,Cody Gakpo,23.0,Left Winger,PSV Eindhoven,€42.00m,in,Winter,42.0,Premier League,2022,2022/2023
196226,Liverpool FC,Rhys Williams,21.0,Centre-Back,Blackpool FC,"End of loanJan 23, 2023",in,Winter,,Premier League,2022,2022/2023
196227,Manchester City,Máximo Perrone,20.0,Defensive Midfield,CA Vélez Sarsfield,€11.00m,in,Winter,11.0,Premier League,2022,2022/2023
196228,Manchester City,Diego Rosa,20.0,Central Midfield,FC Vizela,"End of loanDec 31, 2022",in,Winter,,Premier League,2022,2022/2023
196229,Manchester City,Nahuel Bustos,24.0,Centre-Forward,São Paulo Futebol Clube,"End of loanDec 31, 2022",in,Winter,,Premier League,2022,2022/2023
196233,Manchester United,Wout Weghorst,30.0,Centre-Forward,Burnley FC,Loan fee:€2.96m,in,Winter,2.96,Premier League,2022,2022/2023
196234,Manchester United,Jack Butland,29.0,Goalkeeper,Crystal Palace,loan transfer,in,Winter,,Premier League,2022,2022/2023
196235,Manchester United,Marcel Sabitzer,28.0,Central Midfield,Bayern Munich,loan transfer,in,Winter,,Premier League,2022,2022/2023
196236,Manchester United,Kobbie Mainoo,17.0,Central Midfield,Manchester United U21,-,in,Winter,,Premier League,2022,2022/2023
196237,Manchester United,Zidane Iqbal,19.0,Central Midfield,Manchester United U21,-,in,Winter,,Premier League,2022,2022/2023
196242,Newcastle United,Anthony Gordon,21.0,Left Winger,Everton FC,€45.60m,in,Winter,45.6,Premier League,2022,2022/2023
196243,Newcastle United,Harrison Ashby,21.0,Right-Back,West Ham United U21,€3.40m,in,Winter,3.4,Premier League,2022,2022/2023
196244,Newcastle United,Garang Kuol,18.0,Right Winger,Central Coast Mariners,€350k,in,Winter,0.35,Premier League,2022,2022/2023
196245,Newcastle United,Matty Longstaff,22.0,Central Midfield,Colchester United,"End of loanJan 1, 2023",in,Winter,,Premier League,2022,2022/2023
196246,Newcastle United,Martin Dúbravka,33.0,Goalkeeper,Manchester United,"End of loanJan 1, 2023",in,Winter,,Premier League,2022,2022/2023
196251,Nottingham Forest,Danilo,21.0,Defensive Midfield,Sociedade Esportiva Palmeiras,€20.00m,in,Winter,20.0,Premier League,2022,2022/2023
196252,Nottingham Forest,Felipe,33.0,Centre-Back,Atlético de Madrid,€2.30m,in,Winter,2.3,Premier League,2022,2022/2023
196253,Nottingham Forest,Gustavo Scarpa,28.0,Attacking Midfield,Sociedade Esportiva Palmeiras,free transfer,in,Winter,0.0,Premier League,2022,2022/2023
196254,Nottingham Forest,Jonjo Shelvey,30.0,Central Midfield,Newcastle United,?,in,Winter,,Premier League,2022,2022/2023
196255,Nottingham Forest,Keylor Navas,36.0,Goalkeeper,Paris Saint-Germain,loan transfer,in,Winter,,Premier League,2022,2022/2023
196256,Nottingham Forest,Chris Wood,31.0,Centre-Forward,Newcastle United,loan transfer,in,Winter,,Premier League,2022,2022/2023
196257,Nottingham Forest,André Ayew,33.0,Left Winger,Without Club,-,in,Winter,,Premier League,2022,2022/2023
196258,Nottingham Forest,Alex Mighten,20.0,Left Winger,Sheffield Wednesday,"End of loanJan 10, 2023",in,Winter,,Premier League,2022,2022/2023
196259,Nottingham Forest,Josh Bowler,23.0,Right Winger,Olympiacos Piraeus,"End of loanJan 4, 2023",in,Winter,,Premier League,2022,2022/2023
196260,Nottingham Forest,Ui-jo Hwang,30.0,Centre-Forward,Olympiacos Piraeus,"End of loanJan 31, 2023",in,Winter,,Premier League,2022,2022/2023
196261,Nottingham Forest,Brandon Aguilera,19.0,Attacking Midfield,AD Guanacasteca,"End of loanJan 2, 2023",in,Winter,,Premier League,2022,2022/2023
196269,Southampton FC,Kamaldeen Sulemana,20.0,Left Winger,Stade Rennais FC,€25.00m,in,Winter,25.0,Premier League,2022,2022/2023
196270,Southampton FC,Paul Onuachu,28.0,Centre-Forward,KRC Genk,€18.00m,in,Winter,18.0,Premier League,2022,2022/2023
196271,Southampton FC,Carlos Alcaraz,20.0,Central Midfield,Racing Club,€13.65m,in,Winter,13.65,Premier League,2022,2022/2023
196272,Southampton FC,Mislav Orsic,30.0,Left Winger,GNK Dinamo Zagreb,€5.75m,in,Winter,5.75,Premier League,2022,2022/2023
196273,Southampton FC,James Bree,25.0,Right-Back,Luton Town,€850k,in,Winter,0.85,Premier League,2022,2022/2023
196274,Southampton FC,Dan N'Lundulu,23.0,Centre-Forward,Cheltenham Town,"End of loanJan 8, 2023",in,Winter,,Premier League,2022,2022/2023
196275,Southampton FC,Jan Bednarek,26.0,Centre-Back,Aston Villa,"End of loanJan 23, 2023",in,Winter,,Premier League,2022,2022/2023
196277,Tottenham Hotspur,Pedro Porro,23.0,Right-Back,Sporting CP,Loan fee:€5.00m,in,Winter,5.0,Premier League,2022,2022/2023
196278,Tottenham Hotspur,Arnaut Danjuma,25.0,Left Winger,Villarreal CF,Loan fee:€3.00m,in,Winter,3.0,Premier League,2022,2022/2023
196279,Tottenham Hotspur,Alfie Whiteman,24.0,Goalkeeper,Degerfors IF,"End of loanDec 31, 2022",in,Winter,,Premier League,2022,2022/2023
196283,West Ham United,Danny Ings,30.0,Centre-Forward,Aston Villa,€12.00m,in,Winter,12.0,Premier League,2022,2022/2023
196284,West Ham United,Luizão,20.0,Centre-Back,São Paulo Futebol Clube,free transfer,in,Winter,0.0,Premier League,2022,2022/2023
196288,Wolverhampton Wanderers,João Gomes,21.0,Central Midfield,CR Flamengo,€18.70m,in,Winter,18.7,Premier League,2022,2022/2023
196289,Wolverhampton Wanderers,Mario Lemina,29.0,Defensive Midfield,OGC Nice,€11.00m,in,Winter,11.0,Premier League,2022,2022/2023
196290,Wolverhampton Wanderers,Pablo Sarabia,30.0,Right Winger,Paris Saint-Germain,€5.00m,in,Winter,5.0,Premier League,2022,2022/2023
196291,Wolverhampton Wanderers,Craig Dawson,32.0,Centre-Back,West Ham United,€3.75m,in,Winter,3.75,Premier League,2022,2022/2023
196292,Wolverhampton Wanderers,Daniel Bentley,29.0,Goalkeeper,Bristol City,€57k,in,Winter,0.057,Premier League,2022,2022/2023
196293,Wolverhampton Wanderers,Matheus Cunha,23.0,Centre-Forward,Atlético de Madrid,loan transfer,in,Winter,,Premier League,2022,2022/2023
196294,Wolverhampton Wanderers,Ki-Jana Hoever,21.0,Right-Back,PSV Eindhoven,"End of loanJan 25, 2023",in,Winter,,Premier League,2022,2022/2023
196295,Wolverhampton Wanderers,Fábio Silva,20.0,Centre-Forward,RSC Anderlecht,"End of loanJan 24, 2023",in,Winter,,Premier League,2022,2022/2023
196296,Wolverhampton Wanderers,Louie Moulden,20.0,Goalkeeper,Solihull Moors,"End of loanJan 2, 2023",in,Winter,,Premier League,2022,2022/2023
196297,Wolverhampton Wanderers,Leonardo Campana,22.0,Centre-Forward,Inter Miami CF,"End of loanDec 31, 2022",in,Winter,,Premier League,2022,2022/2023
210351,Bayern Munich,Yann Sommer,34.0,Goalkeeper,Borussia Mönchengladbach,€8.00m,in,Winter,8.0,1 Bundesliga,2022,2022/2023
210352,Bayern Munich,Daley Blind,32.0,Left-Back,Ajax Amsterdam,free transfer,in,Winter,0.0,1 Bundesliga,2022,2022/2023
210353,Bayern Munich,João Cancelo,28.0,Right-Back,Manchester City,loan transfer,in,Winter,,1 Bundesliga,2022,2022/2023
210354,Bayern Munich,Arijon Ibrahimovic,17.0,Attacking Midfield,FC Bayern Munich U19 ,-,in,Winter,,1 Bundesliga,2022,2022/2023
210356,Borussia Dortmund,Julien Duranville,16.0,Right Winger,RSC Anderlecht,€8.50m,in,Winter,8.5,1 Bundesliga,2022,2022/2023
210357,Borussia Dortmund,Julian Ryerson,25.0,Right-Back,1.FC Union Berlin,€5.00m,in,Winter,5.0,1 Bundesliga,2022,2022/2023
210359,Bayer 04 Leverkusen,Gustavo Puerta,19.0,Central Midfield,Bogotá FC,€2.00m,in,Winter,2.0,1 Bundesliga,2022,2022/2023
210360,Bayer 04 Leverkusen,Noah Mbamba,18.0,Defensive Midfield,Club Brugge KV,€100k,in,Winter,0.1,1 Bundesliga,2022,2022/2023
210361,Bayer 04 Leverkusen,Patrick Pentz,26.0,Goalkeeper,Stade Reims,free transfer,in,Winter,0.0,1 Bundesliga,2022,2022/2023
210365,RB Leipzig,Caden Clark,19.0,Attacking Midfield,New York Red Bulls,"End of loanDec 31, 2022",in,Winter,,1 Bundesliga,2022,2022/2023
210366,RB Leipzig,Ben Klefisch,19.0,Central Midfield,FC Viktoria Köln,"End of loanJan 30, 2023",in,Winter,,1 Bundesliga,2022,2022/2023
210369,1.FC Union Berlin,Josip Juranovic,27.0,Right-Back,Celtic FC,€8.55m,in,Winter,8.55,1 Bundesliga,2022,2022/2023
210370,1.FC Union Berlin,Aïssa Laïdouni,26.0,Central Midfield,Ferencvárosi TC,€2.60m,in,Winter,2.6,1 Bundesliga,2022,2022/2023
210371,1.FC Union Berlin,Jérôme Roussillon,30.0,Left-Back,VfL Wolfsburg,?,in,Winter,,1 Bundesliga,2022,2022/2023
210372,1.FC Union Berlin,Laurenz Dehl,20.0,Right Midfield,Bohemian Football Club,"End of loanNov 30, 2022",in,Winter,,1 Bundesliga,2022,2022/2023
210379,SC Freiburg,Kenneth Schmidt,20.0,Centre-Back,SC Freiburg II,-,in,Winter,,1 Bundesliga,2022,2022/2023
210383,1. FC Köln,Davie Selke,27.0,Centre-Forward,Hertha BSC,free transfer,in,Winter,0.0,1 Bundesliga,2022,2022/2023
210384,1. FC Köln,Noah Katterbach,21.0,Left-Back,FC Basel 1893,"End of loanJan 16, 2023",in,Winter,,1 Bundesliga,2022,2022/2023
210388,1.FSV Mainz 05,Ludovic Ajorque,28.0,Centre-Forward,RC Strasbourg Alsace,€6.00m,in,Winter,6.0,1 Bundesliga,2022,2022/2023
210389,1.FSV Mainz 05,Andreas Hanche-Olsen,25.0,Centre-Back,KAA Gent,€2.50m,in,Winter,2.5,1 Bundesliga,2022,2022/2023
210390,1.FSV Mainz 05,Brajan Gruda,18.0,Right Winger,1.FSV Mainz 05 U19,-,in,Winter,,1 Bundesliga,2022,2022/2023
210391,1.FSV Mainz 05,Ronaël Pierre-Gabriel,24.0,Right-Back,RC Strasbourg Alsace,"End of loanJan 17, 2023",in,Winter,,1 Bundesliga,2022,2022/2023
210396,TSG 1899 Hoffenheim,John Anthony Brooks,29.0,Centre-Back,SL Benfica,€300k,in,Winter,0.3,1 Bundesliga,2022,2022/2023
210397,TSG 1899 Hoffenheim,Kasper Dolberg,25.0,Centre-Forward,OGC Nice,loan transfer,in,Winter,,1 Bundesliga,2022,2022/2023
210398,TSG 1899 Hoffenheim,Thomas Delaney,31.0,Central Midfield,Sevilla FC,loan transfer,in,Winter,,1 Bundesliga,2022,2022/2023
210399,TSG 1899 Hoffenheim,Umut Tohumcu,18.0,Central Midfield,TSG 1899 Hoffenheim II,-,in,Winter,,1 Bundesliga,2022,2022/2023
210400,TSG 1899 Hoffenheim,Justin Che,19.0,Right-Back,TSG 1899 Hoffenheim II,-,in,Winter,,1 Bundesliga,2022,2022/2023
210403,Borussia Mönchengladbach,Jonas Omlin,29.0,Goalkeeper,Montpellier HSC,€9.00m,in,Winter,9.0,1 Bundesliga,2022,2022/2023
210404,Borussia Mönchengladbach,Simon Walde,18.0,Right-Back,Borussia Mönchengladbach U19,-,in,Winter,,1 Bundesliga,2022,2022/2023
210408,Eintracht Frankfurt,Paxten Aaronson,19.0,Attacking Midfield,Philadelphia Union,€4.00m,in,Winter,4.0,1 Bundesliga,2022,2022/2023
210409,Eintracht Frankfurt,Simon Simoni,18.0,Goalkeeper,FK Dinamo ,€600k,in,Winter,0.6,1 Bundesliga,2022,2022/2023
210410,Eintracht Frankfurt,Philipp Max,29.0,Left-Back,PSV Eindhoven,loan transfer,in,Winter,,1 Bundesliga,2022,2022/2023
210413,VfL Wolfsburg,Nicolas Cozza,24.0,Left-Back,Montpellier HSC,€500k,in,Winter,0.5,1 Bundesliga,2022,2022/2023
210418,VfL Bochum,Moritz Broschinski,22.0,Centre-Forward,Borussia Dortmund II,€135k,in,Winter,0.135,1 Bundesliga,2022,2022/2023
210419,VfL Bochum,Keven Schlotterbeck,25.0,Centre-Back,SC Freiburg,loan transfer,in,Winter,,1 Bundesliga,2022,2022/2023
210420,VfL Bochum,Pierre Kunde,27.0,Central Midfield,Olympiacos Piraeus,loan transfer,in,Winter,,1 Bundesliga,2022,2022/2023
210425,FC Augsburg,Dion Beljo,20.0,Centre-Forward,NK Osijek,€3.00m,in,Winter,3.0,1 Bundesliga,2022,2022/2023
210426,FC Augsburg,David Colina,22.0,Left-Back,HNK Hajduk Split,€650k,in,Winter,0.65,1 Bundesliga,2022,2022/2023
210427,FC Augsburg,Irvin Cardona,25.0,Centre-Forward,Stade Brestois 29,€500k,in,Winter,0.5,1 Bundesliga,2022,2022/2023
210428,FC Augsburg,Renato Veiga,19.0,Defensive Midfield,Sporting CP B,Loan fee:€200k,in,Winter,0.2,1 Bundesliga,2022,2022/2023
210429,FC Augsburg,Arne Engels,19.0,Central Midfield,Club NXT,€100k,in,Winter,0.1,1 Bundesliga,2022,2022/2023
210430,FC Augsburg,Nathanaël Mbuku,20.0,Left Winger,Stade Reims,free transfer,in,Winter,0.0,1 Bundesliga,2022,2022/2023
210431,FC Augsburg,Kelvin Yeboah,22.0,Centre-Forward,Genoa CFC,loan transfer,in,Winter,,1 Bundesliga,2022,2022/2023
210432,FC Augsburg,Sergio Córdova,25.0,Centre-Forward,Real Salt Lake City,"End of loanDec 31, 2022",in,Winter,,1 Bundesliga,2022,2022/2023
210439,VfB Stuttgart,Gil Dias,26.0,Right Winger,SL Benfica,€1.00m,in,Winter,1.0,1 Bundesliga,2022,2022/2023
210440,VfB Stuttgart,Genki Haraguchi,31.0,Attacking Midfield,1.FC Union Berlin,€1.00m,in,Winter,1.0,1 Bundesliga,2022,2022/2023
210441,VfB Stuttgart,Alexis Tibidi,19.0,Left Winger,SCR Altach,"End of loanJan 27, 2023",in,Winter,,1 Bundesliga,2022,2022/2023
210442,VfB Stuttgart,Ömer Beyaz,19.0,Attacking Midfield,1.FC Magdeburg,"End of loanJan 2, 2023",in,Winter,,1 Bundesliga,2022,2022/2023
210443,VfB Stuttgart,Mateo Klimowicz,22.0,Attacking Midfield,Arminia Bielefeld,"End of loanDec 31, 2022",in,Winter,,1 Bundesliga,2022,2022/2023
210447,Hertha BSC,Florian Niederlechner,32.0,Centre-Forward,FC Augsburg,€800k,in,Winter,0.8,1 Bundesliga,2022,2022/2023
210448,Hertha BSC,Tolga Cigerci,30.0,Defensive Midfield,MKE Ankaragücü,€350k,in,Winter,0.35,1 Bundesliga,2022,2022/2023
210449,Hertha BSC,Daishawn Redan,21.0,Centre-Forward,FC Utrecht,"End of loanJan 30, 2023",in,Winter,,1 Bundesliga,2022,2022/2023
210450,Hertha BSC,Santiago Ascacíbar,25.0,Defensive Midfield,US Cremonese,"End of loanJan 15, 2023",in,Winter,,1 Bundesliga,2022,2022/2023
210451,Hertha BSC,Fredrik Björkan,24.0,Left-Back,Feyenoord Rotterdam,"End of loanJan 3, 2023",in,Winter,,1 Bundesliga,2022,2022/2023
210461,FC Schalke 04,Tim Skarke,26.0,Right Winger,1.FC Union Berlin,Loan fee:€250k,in,Winter,0.25,1 Bundesliga,2022,2022/2023
210462,FC Schalke 04,Moritz Jenz,23.0,Centre-Back,FC Lorient,Loan fee:€200k,in,Winter,0.2,1 Bundesliga,2022,2022/2023
210463,FC Schalke 04,Niklas Tauer,21.0,Defensive Midfield,1.FSV Mainz 05,loan transfer,in,Winter,,1 Bundesliga,2022,2022/2023
210464,FC Schalke 04,Jere Uronen,28.0,Left-Back,Stade Brestois 29,loan transfer,in,Winter,,1 Bundesliga,2022,2022/2023
210465,FC Schalke 04,Michael Frey,28.0,Centre-Forward,Royal Antwerp FC,loan transfer,in,Winter,,1 Bundesliga,2022,2022/2023
210466,FC Schalke 04,Éder Balanta,29.0,Defensive Midfield,Club Brugge KV,loan transfer,in,Winter,,1 Bundesliga,2022,2022/2023
210467,FC Schalke 04,Soichiro Kozuki,22.0,Right Winger,FC Schalke 04 II,-,in,Winter,,1 Bundesliga,2022,2022/2023
210468,FC Schalke 04,Nassim Boujellab,23.0,Central Midfield,HJK Helsinki,"End of loanDec 31, 2022",in,Winter,,1 Bundesliga,2022,2022/2023
210473,SV Werder Bremen,Maximilian Philipp,28.0,Second Striker,VfL Wolfsburg,loan transfer,in,Winter,,1 Bundesliga,2022,2022/2023
284676,Real Madrid,Antonio Blanco,22.0,Defensive Midfield,Cádiz CF,"End of loanJan 11, 2023",in,Winter,,Primera Division,2022,2022/2023
284681,Sevilla FC,Federico Gattoni,23.0,Centre-Back,CA San Lorenzo de Almagro,€1.40m,in,Winter,1.4,Primera Division,2022,2022/2023
284682,Sevilla FC,Loïc Badé,22.0,Centre-Back,Stade Rennais FC,loan transfer,in,Winter,,Primera Division,2022,2022/2023
284683,Sevilla FC,Bryan Gil,21.0,Left Winger,Tottenham Hotspur,loan transfer,in,Winter,,Primera Division,2022,2022/2023
284684,Sevilla FC,Pape Gueye,24.0,Defensive Midfield,Olympique Marseille,loan transfer,in,Winter,,Primera Division,2022,2022/2023
284685,Sevilla FC,Kike Salas,20.0,Centre-Back,Sevilla Atlético,-,in,Winter,,Primera Division,2022,2022/2023
284686,Sevilla FC,Ludwig Augustinsson,28.0,Left-Back,Aston Villa,"End of loanJan 29, 2023",in,Winter,,Primera Division,2022,2022/2023
284687,Sevilla FC,Lucas Ocampos,28.0,Left Winger,Ajax Amsterdam,"End of loanJan 17, 2023",in,Winter,,Primera Division,2022,2022/2023
284696,Atlético de Madrid,Memphis Depay,28.0,Centre-Forward,FC Barcelona,€3.00m,in,Winter,3.0,Primera Division,2022,2022/2023
284697,Atlético de Madrid,Matt Doherty,31.0,Right-Back,Tottenham Hotspur,free transfer,in,Winter,0.0,Primera Division,2022,2022/2023
284698,Atlético de Madrid,Pablo Barrios,19.0,Central Midfield,Atlético de Madrid B,-,in,Winter,,Primera Division,2022,2022/2023
284699,Atlético de Madrid,Marcos Paulo,21.0,Left Winger,CD Mirandés,"End of loanDec 31, 2022",in,Winter,,Primera Division,2022,2022/2023
284705,Real Betis Balompié,Abner,22.0,Left-Back,Club Athletico Paranaense,€7.00m,in,Winter,7.0,Primera Division,2022,2022/2023
284706,Real Betis Balompié,Ayoze Pérez,29.0,Second Striker,Leicester City,loan transfer,in,Winter,,Primera Division,2022,2022/2023
284707,Real Betis Balompié,Diego Lainez,22.0,Right Winger,SC Braga,"End of loanJan 29, 2023",in,Winter,,Primera Division,2022,2022/2023
284712,Villarreal CF,Filip Jörgensen,20.0,Goalkeeper,Villarreal CF B,-,in,Winter,,Primera Division,2022,2022/2023
284713,Villarreal CF,Álex Millán,23.0,Centre-Forward,FC Famalicão,"End of loanJan 7, 2023",in,Winter,,Primera Division,2022,2022/2023
284718,Athletic Bilbao,Ander Herrera,33.0,Central Midfield,Paris Saint-Germain,free transfer,in,Winter,0.0,Primera Division,2022,2022/2023
284721,CA Osasuna,Javi Martínez,23.0,Attacking Midfield,Albacete Balompié,"End of loanJan 30, 2023",in,Winter,,Primera Division,2022,2022/2023
284726,Elche CF,Randy Nteka,25.0,Attacking Midfield,Rayo Vallecano,Loan fee:€200k,in,Winter,0.2,Primera Division,2022,2022/2023
284727,Elche CF,Lisandro Magallán,29.0,Centre-Back,Ajax Amsterdam,free transfer,in,Winter,0.0,Primera Division,2022,2022/2023
284728,Elche CF,José Ángel Carmona,20.0,Right-Back,Sevilla FC,loan transfer,in,Winter,,Primera Division,2022,2022/2023
284729,Elche CF,Pape Cheikh,25.0,Central Midfield,Without Club,-,in,Winter,,Primera Division,2022,2022/2023
284730,Elche CF,Lautaro Blanco,23.0,Left-Back,CA Rosario Central,"End of loanDec 31, 2022",in,Winter,,Primera Division,2022,2022/2023
284735,Celta de Vigo,Haris Seferovic,30.0,Centre-Forward,SL Benfica,loan transfer,in,Winter,,Primera Division,2022,2022/2023
284736,Celta de Vigo,Diego Alves,37.0,Goalkeeper,Without Club,-,in,Winter,,Primera Division,2022,2022/2023
284737,Celta de Vigo,Alfon González,23.0,Left Winger,Racing Santander,"End of loanJan 30, 2023",in,Winter,,Primera Division,2022,2022/2023
284740,RCD Espanyol Barcelona,César Montes,25.0,Centre-Back,CF Monterrey,€8.00m,in,Winter,8.0,Primera Division,2022,2022/2023
284741,RCD Espanyol Barcelona,José Gragera,22.0,Central Midfield,Sporting Gijón,€2.80m,in,Winter,2.8,Primera Division,2022,2022/2023
284742,RCD Espanyol Barcelona,Fernando Pacheco,30.0,Goalkeeper,UD Almería,€2.20m,in,Winter,2.2,Primera Division,2022,2022/2023
284743,RCD Espanyol Barcelona,Denis Suárez,29.0,Attacking Midfield,Celta de Vigo,Loan fee:€200k,in,Winter,0.2,Primera Division,2022,2022/2023
284744,RCD Espanyol Barcelona,Ronaël Pierre-Gabriel,24.0,Right-Back,1.FSV Mainz 05,loan transfer,in,Winter,,Primera Division,2022,2022/2023
284745,RCD Espanyol Barcelona,Miguel Llambrich,26.0,Right-Back,Real Oviedo,"End of loanJan 4, 2023",in,Winter,,Primera Division,2022,2022/2023
284751,Getafe CF,Gonzalo Villar,24.0,Central Midfield,AS Roma,loan transfer,in,Winter,,Primera Division,2022,2022/2023
284752,Getafe CF,Darío Poveda,25.0,Centre-Forward,UD Ibiza,"End of loanJan 18, 2023",in,Winter,,Primera Division,2022,2022/2023
284754,RCD Mallorca,Ludwig Augustinsson,28.0,Left-Back,Sevilla FC,loan transfer,in,Winter,,Primera Division,2022,2022/2023
284755,RCD Mallorca,Manu Morlanes,24.0,Central Midfield,Villarreal CF,loan transfer,in,Winter,,Primera Division,2022,2022/2023
284756,RCD Mallorca,Daniel Luna,19.0,Attacking Midfield,Deportivo Cali,loan transfer,in,Winter,,Primera Division,2022,2022/2023
284757,RCD Mallorca,Dennis Hadzikadunic,24.0,Centre-Back,FK Rostov,loan transfer,in,Winter,,Primera Division,2022,2022/2023
284758,RCD Mallorca,Álex Alegría,30.0,Centre-Forward,CF Fuenlabrada,"End of loanJan 30, 2023",in,Winter,,Primera Division,2022,2022/2023
284764,Cádiz CF,Chris Ramos,26.0,Centre-Forward,CD Lugo,€1.50m,in,Winter,1.5,Primera Division,2022,2022/2023
284765,Cádiz CF,Youba Diarra,24.0,Central Midfield,Red Bull Salzburg,€1.10m,in,Winter,1.1,Primera Division,2022,2022/2023
284766,Cádiz CF,Gonzalo Escalante,29.0,Central Midfield,SS Lazio,loan transfer,in,Winter,,Primera Division,2022,2022/2023
284767,Cádiz CF,Roger Martí,32.0,Centre-Forward,Elche CF,loan transfer,in,Winter,,Primera Division,2022,2022/2023
284768,Cádiz CF,Jorge Meré,25.0,Centre-Back,CF América,loan transfer,in,Winter,,Primera Division,2022,2022/2023
284769,Cádiz CF,Sergi Guardiola,31.0,Centre-Forward,Real Valladolid CF,loan transfer,in,Winter,,Primera Division,2022,2022/2023
284770,Cádiz CF,Raúl Parra,23.0,Right-Back,CD Mirandés,"End of loanDec 31, 2022",in,Winter,,Primera Division,2022,2022/2023
284776,UD Almería,Diego Mariño,32.0,Goalkeeper,Sporting Gijón,€80k,in,Winter,0.08,Primera Division,2022,2022/2023
284777,UD Almería,Luis Suárez,25.0,Centre-Forward,Olympique Marseille,loan transfer,in,Winter,,Primera Division,2022,2022/2023
284778,UD Almería,Javi Robles,22.0,Central Midfield,CF Fuenlabrada,"End of loanJan 30, 2023",in,Winter,,Primera Division,2022,2022/2023
284779,UD Almería,Arvin Appiah,21.0,Right Winger,CD Tenerife,"End of loanDec 31, 2022",in,Winter,,Primera Division,2022,2022/2023
284786,Real Valladolid CF,Selim Amallah,26.0,Attacking Midfield,Standard Liège,€1.00m,in,Winter,1.0,Primera Division,2022,2022/2023
284787,Real Valladolid CF,Darwin Machís,29.0,Left Winger,FC Juárez,free transfer,in,Winter,0.0,Primera Division,2022,2022/2023
284788,Real Valladolid CF,Cyle Larin,27.0,Centre-Forward,Club Brugge KV,loan transfer,in,Winter,,Primera Division,2022,2022/2023
284789,Real Valladolid CF,Martin Hongla,24.0,Defensive Midfield,Hellas Verona,loan transfer,in,Winter,,Primera Division,2022,2022/2023
284795,Girona FC,Viktor Tsygankov,25.0,Right Winger,Dynamo Kyiv,€5.00m,in,Winter,5.0,Primera Division,2022,2022/2023
284796,Girona FC,Alexander Callens,30.0,Centre-Back,New York City FC,free transfer,in,Winter,0.0,Primera Division,2022,2022/2023
302211,Paris Saint-Germain,Moutanabi Bodiang,19.0,Right-Back,Le Puy Foot 43 Auvergne,"End of loanJan 28, 2023",in,Winter,,Ligue 1,2022,2022/2023
302212,Paris Saint-Germain,Ander Herrera,33.0,Central Midfield,Athletic Bilbao,"End of loanJan 30, 2023",in,Winter,,Ligue 1,2022,2022/2023
302218,Olympique Marseille,Vitinha,22.0,Centre-Forward,SC Braga,€32.00m,in,Winter,32.0,Ligue 1,2022,2022/2023
302219,Olympique Marseille,Azzedine Ounahi,22.0,Central Midfield,Angers SCO,€8.00m,in,Winter,8.0,Ligue 1,2022,2022/2023
302220,Olympique Marseille,Ruslan Malinovskyi,29.0,Attacking Midfield,Atalanta BC,loan transfer,in,Winter,,Ligue 1,2022,2022/2023
302221,Olympique Marseille,Oussama Targhalline,20.0,Central Midfield,Alanyaspor,"End of loanDec 15, 2022",in,Winter,,Ligue 1,2022,2022/2023
302229,AS Monaco,Eliesse Ben Seghir,17.0,Attacking Midfield,AS Monaco U21,-,in,Winter,,Ligue 1,2022,2022/2023
302230,AS Monaco,Arthur Zagré,21.0,Left-Back,FC Utrecht,"End of loanJan 30, 2023",in,Winter,,Ligue 1,2022,2022/2023
302231,AS Monaco,Benjamin Lecomte,31.0,Goalkeeper,RCD Espanyol Barcelona,"End of loanJan 25, 2023",in,Winter,,Ligue 1,2022,2022/2023
302232,AS Monaco,Chrislain Matsima,20.0,Centre-Back,FC Lorient,"End of loanJan 31, 2023",in,Winter,,Ligue 1,2022,2022/2023
302233,AS Monaco,Anthony Musaba,22.0,Right Winger,FC Metz,"End of loanJan 3, 2023",in,Winter,,Ligue 1,2022,2022/2023
302240,Stade Rennais FC,Ibrahim Salah,21.0,Left Winger,KAA Gent,€3.00m,in,Winter,3.0,Ligue 1,2022,2022/2023
302241,Stade Rennais FC,Karl Toko Ekambi,30.0,Left Winger,Olympique Lyon,Loan fee:€1.50m,in,Winter,1.5,Ligue 1,2022,2022/2023
302242,Stade Rennais FC,Djed Spence,22.0,Right-Back,Tottenham Hotspur,loan transfer,in,Winter,,Ligue 1,2022,2022/2023
302243,Stade Rennais FC,Loïc Badé,22.0,Centre-Back,Nottingham Forest,"End of loanDec 31, 2022",in,Winter,,Ligue 1,2022,2022/2023
302249,OGC Nice,Youssouf Ndayishimiye,24.0,Centre-Back,Basaksehir FK,€11.50m,in,Winter,11.5,Ligue 1,2022,2022/2023
302250,OGC Nice,Terem Moffi,23.0,Centre-Forward,FC Lorient,Loan fee:€2.50m,in,Winter,2.5,Ligue 1,2022,2022/2023
302251,OGC Nice,Robson Bambu,25.0,Centre-Back,Sport Club Corinthians Paulista,"End of loanDec 31, 2022",in,Winter,,Ligue 1,2022,2022/2023
302252,OGC Nice,Deji Sotona,20.0,Left Winger,Kilmarnock FC,"End of loanJan 3, 2023",in,Winter,,Ligue 1,2022,2022/2023
302253,OGC Nice,Kasper Dolberg,25.0,Centre-Forward,Sevilla FC,"End of loanDec 31, 2022",in,Winter,,Ligue 1,2022,2022/2023
302263,RC Strasbourg Alsace,Eduard Sobol,27.0,Left-Back,Club Brugge KV,€2.50m,in,Winter,2.5,Ligue 1,2022,2022/2023
302264,RC Strasbourg Alsace,Frédéric Guilbert,28.0,Right-Back,Aston Villa,free transfer,in,Winter,0.0,Ligue 1,2022,2022/2023
302265,RC Strasbourg Alsace,Morgan Sanson,28.0,Central Midfield,Aston Villa,loan transfer,in,Winter,,Ligue 1,2022,2022/2023
302266,RC Strasbourg Alsace,Yuito Suzuki,21.0,Attacking Midfield,Shimizu S-Pulse,loan transfer,in,Winter,,Ligue 1,2022,2022/2023
302271,RC Lens,Adrien Thomasson,29.0,Attacking Midfield,RC Strasbourg Alsace,€3.90m,in,Winter,3.9,Ligue 1,2022,2022/2023
302272,RC Lens,Julien Le Cardinal,25.0,Right-Back,Paris FC,€2.30m,in,Winter,2.3,Ligue 1,2022,2022/2023
302273,RC Lens,Angelo Fulgini,26.0,Attacking Midfield,1.FSV Mainz 05,loan transfer,in,Winter,,Ligue 1,2022,2022/2023
302274,RC Lens,Rémy Labeau Lascary,19.0,Centre-Forward,RC Lens B,-,in,Winter,,Ligue 1,2022,2022/2023
302275,RC Lens,Mamadou Camara,20.0,Central Midfield,SC Bastia,"End of loanJan 31, 2023",in,Winter,,Ligue 1,2022,2022/2023
302276,Olympique Lyon,Amin Sarr,21.0,Centre-Forward,SC Heerenveen,€11.00m,in,Winter,11.0,Ligue 1,2022,2022/2023
302277,Olympique Lyon,Jeffinho,23.0,Left Winger,Botafogo de Futebol e Regatas,€10.00m,in,Winter,10.0,Ligue 1,2022,2022/2023
302278,Olympique Lyon,Dejan Lovren,33.0,Centre-Back,Zenit St. Petersburg,€2.00m,in,Winter,2.0,Ligue 1,2022,2022/2023
302279,Olympique Lyon,Malo Gusto,19.0,Right-Back,Chelsea FC,loan transfer,in,Winter,,Ligue 1,2022,2022/2023
302280,Olympique Lyon,Camilo,23.0,Central Midfield,Cuiabá Esporte Clube (MT),"End of loanDec 31, 2022",in,Winter,,Ligue 1,2022,2022/2023
302290,FC Nantes,Florent Mollet,31.0,Attacking Midfield,FC Schalke 04,€1.50m,in,Winter,1.5,Ligue 1,2022,2022/2023
302291,FC Nantes,Jaouen Hadjam,19.0,Left-Back,Paris FC,€300k,in,Winter,0.3,Ligue 1,2022,2022/2023
302292,FC Nantes,João Victor,24.0,Centre-Back,SL Benfica,loan transfer,in,Winter,,Ligue 1,2022,2022/2023
302293,FC Nantes,Andy Delort,31.0,Centre-Forward,OGC Nice,loan transfer,in,Winter,,Ligue 1,2022,2022/2023
302299,LOSC Lille,Benoît Costil,35.0,Goalkeeper,AJ Auxerre,free transfer,in,Winter,0.0,Ligue 1,2022,2022/2023
302300,LOSC Lille,Leny Yoro,16.0,Centre-Back,LOSC Lille B,-,in,Winter,,Ligue 1,2022,2022/2023
302304,Stade Brestois 29,Kenny Lala,31.0,Right-Back,Olympiacos Piraeus,free transfer,in,Winter,0.0,Ligue 1,2022,2022/2023
302305,Stade Brestois 29,Bradley Locko,20.0,Left-Back,Stade Reims,loan transfer,in,Winter,,Ligue 1,2022,2022/2023
302306,Stade Brestois 29,Loïc Rémy,36.0,Centre-Forward,Without Club,-,in,Winter,,Ligue 1,2022,2022/2023
302307,Stade Brestois 29,Alberth Elis,26.0,Right Winger,FC Girondins Bordeaux,loan transfer,in,Winter,,Ligue 1,2022,2022/2023
302308,Stade Brestois 29,Félix Lemaréchal,19.0,Central Midfield,AS Monaco,loan transfer,in,Winter,,Ligue 1,2022,2022/2023
302309,Stade Brestois 29,Gautier Larsonneur,25.0,Goalkeeper,Valenciennes FC,"End of loanJan 5, 2023",in,Winter,,Ligue 1,2022,2022/2023
302310,Stade Brestois 29,Josué Escartin,19.0,Centre-Back,FC Borgo,"End of loanJan 19, 2023",in,Winter,,Ligue 1,2022,2022/2023
302316,Stade Reims,Alexandre Olliero,26.0,Goalkeeper,Pau FC,?,in,Winter,,Ligue 1,2022,2022/2023
302317,Stade Reims,Myziane Maolida,23.0,Left Winger,Hertha BSC,loan transfer,in,Winter,,Ligue 1,2022,2022/2023
302318,Stade Reims,N'Dri Koffi,20.0,Centre-Forward,FC Paços de Ferreira,"End of loanDec 31, 2022",in,Winter,,Ligue 1,2022,2022/2023
302328,Montpellier HSC,Kiki Kouyaté,25.0,Centre-Back,FC Metz,€6.00m,in,Winter,6.0,Ligue 1,2022,2022/2023
302329,Montpellier HSC,Benjamin Lecomte,31.0,Goalkeeper,AS Monaco,€2.00m,in,Winter,2.0,Ligue 1,2022,2022/2023
302330,Montpellier HSC,Issiaga Sylla,29.0,Left-Back,FC Toulouse,free transfer,in,Winter,0.0,Ligue 1,2022,2022/2023
302331,Montpellier HSC,Yanis Guermouche,21.0,Centre-Forward,LB Châteauroux,"End of loanJan 1, 2023",in,Winter,,Ligue 1,2022,2022/2023
302336,Angers SCO,Ibrahima Niane,23.0,Centre-Forward,FC Metz,loan transfer,in,Winter,,Ligue 1,2022,2022/2023
302337,Angers SCO,Faouzi Ghoulam,31.0,Left-Back,Without Club,-,in,Winter,,Ligue 1,2022,2022/2023
302342,ESTAC Troyes,Alexis Tibidi,19.0,Left Winger,VfB Stuttgart,€2.60m,in,Winter,2.6,Ligue 1,2022,2022/2023
302343,ESTAC Troyes,Jeff Reine-Adélaïde,25.0,Attacking Midfield,Olympique Lyon,loan transfer,in,Winter,,Ligue 1,2022,2022/2023
302344,ESTAC Troyes,Nassim Chadli,21.0,Right Winger,Lommel SK,"End of loanJan 23, 2023",in,Winter,,Ligue 1,2022,2022/2023
302350,FC Lorient,Jean-Victor Makengo,24.0,Central Midfield,Udinese Calcio,€11.00m,in,Winter,11.0,Ligue 1,2022,2022/2023
302351,FC Lorient,Bamba Dieng,22.0,Centre-Forward,Olympique Marseille,€7.00m,in,Winter,7.0,Ligue 1,2022,2022/2023
302352,FC Lorient,Joel Mugisha Mvuka,20.0,Right Winger,FK Bodø/Glimt,€5.50m,in,Winter,5.5,Ligue 1,2022,2022/2023
302353,FC Lorient,Romain Faivre,24.0,Right Midfield,Olympique Lyon,Loan fee:€1.00m,in,Winter,1.0,Ligue 1,2022,2022/2023
302354,FC Lorient,Ayman Kari,18.0,Central Midfield,Paris Saint-Germain,loan transfer,in,Winter,,Ligue 1,2022,2022/2023
302355,FC Lorient,Julian Pollersbeck,28.0,Goalkeeper,Olympique Lyon,loan transfer,in,Winter,,Ligue 1,2022,2022/2023
302356,FC Lorient,Sambou Soumano,22.0,Centre-Forward,KAS Eupen,"End of loanJan 17, 2023",in,Winter,,Ligue 1,2022,2022/2023
302357,FC Lorient,Moritz Jenz,23.0,Centre-Back,Celtic FC,"End of loanJan 25, 2023",in,Winter,,Ligue 1,2022,2022/2023
302358,FC Lorient,Thomas Callens,24.0,Goalkeeper,FC Annecy,"End of loanJan 17, 2023",in,Winter,,Ligue 1,2022,2022/2023
302369,Clermont Foot 63,Adama Diakité,23.0,Left Winger,Trélissac FC,?,in,Winter,,Ligue 1,2022,2022/2023
302370,Clermont Foot 63,Charly Keita,23.0,Centre-Forward,CS Sedan-Ardennes,?,in,Winter,,Ligue 1,2022,2022/2023
302371,Clermont Foot 63,Aïman Maurer,18.0,Attacking Midfield,Clermont Foot 63 B,-,in,Winter,,Ligue 1,2022,2022/2023
302377,FC Toulouse,Saïd Hamulic,22.0,Centre-Forward,Stal Mielec,€2.50m,in,Winter,2.5,Ligue 1,2022,2022/2023
302378,FC Toulouse,Warren Kamanzi,22.0,Right-Back,Tromsø IL,€600k,in,Winter,0.6,Ligue 1,2022,2022/2023
302379,FC Toulouse,Gabriel Suazo,25.0,Left-Back,CSD Colo Colo,free transfer,in,Winter,0.0,Ligue 1,2022,2022/2023
302380,FC Toulouse,Vincent Sierro,27.0,Central Midfield,BSC Young Boys,?,in,Winter,,Ligue 1,2022,2022/2023
302381,FC Toulouse,Naatan Skyttä,20.0,Attacking Midfield,Viking FK,"End of loanDec 31, 2022",in,Winter,,Ligue 1,2022,2022/2023
302387,AC Ajaccio,Moussa Djitté,23.0,Centre-Forward,Austin FC,loan transfer,in,Winter,,Ligue 1,2022,2022/2023
302390,AJ Auxerre,Elisha Owusu,25.0,Defensive Midfield,KAA Gent,?,in,Winter,,Ligue 1,2022,2022/2023
302391,AJ Auxerre,Akim Zedadka,27.0,Right-Back,LOSC Lille,loan transfer,in,Winter,,Ligue 1,2022,2022/2023
302392,AJ Auxerre,Matthis Abline,19.0,Centre-Forward,Stade Rennais FC,loan transfer,in,Winter,,Ligue 1,2022,2022/2023
302393,AJ Auxerre,Isaak Touré,19.0,Centre-Back,Olympique Marseille,loan transfer,in,Winter,,Ligue 1,2022,2022/2023
302394,AJ Auxerre,Ionut Radu,25.0,Goalkeeper,Inter Milan,loan transfer,in,Winter,,Ligue 1,2022,2022/2023
302395,AJ Auxerre,Siriki Dembélé,26.0,Left Winger,AFC Bournemouth,loan transfer,in,Winter,,Ligue 1,2022,2022/2023
302396,AJ Auxerre,Vincenzo Cozzella,21.0,Goalkeeper,AJ Auxerre B,-,in,Winter,,Ligue 1,2022,2022/2023
302397,AJ Auxerre,Han-Noah Massengo,21.0,Central Midfield,Bristol City,loan transfer,in,Winter,,Ligue 1,2022,2022/2023
330653,AC Milan,Devis Vásquez,24.0,Goalkeeper,Club Guaraní,€470k,in,Winter,0.47,Serie A,2022,2022/2023
330666,SSC Napoli,Pierluigi Gollini,27.0,Goalkeeper,Atalanta BC,loan transfer,in,Winter,,Serie A,2022,2022/2023
330667,SSC Napoli,Bartosz Bereszynski,30.0,Right-Back,UC Sampdoria,loan transfer,in,Winter,,Serie A,2022,2022/2023
330675,Juventus FC,Samuel Iling Junior,19.0,Left Winger,Juventus Next Gen,-,in,Winter,,Serie A,2022,2022/2023
330679,SS Lazio,Luca Pellegrini,23.0,Left-Back,Juventus FC,loan transfer,in,Winter,,Serie A,2022,2022/2023
330680,SS Lazio,Diego González,20.0,Left Winger,Celaya FC,loan transfer,in,Winter,,Serie A,2022,2022/2023
330685,AS Roma,Diego Llorente,29.0,Centre-Back,Leeds United,Loan fee:€500k,in,Winter,0.5,Serie A,2022,2022/2023
330686,AS Roma,Ola Solbakken,24.0,Right Winger,FK Bodø/Glimt,free transfer,in,Winter,0.0,Serie A,2022,2022/2023
330687,AS Roma,Benjamin Tahirovic,19.0,Central Midfield,Roma U19,-,in,Winter,,Serie A,2022,2022/2023
330693,ACF Fiorentina,Antonin Barak,28.0,Attacking Midfield,Hellas Verona,€8.50m,in,Winter,8.5,Serie A,2022,2022/2023
330694,ACF Fiorentina,Abdelhamid Sabiri,26.0,Attacking Midfield,UC Sampdoria,€2.50m,in,Winter,2.5,Serie A,2022,2022/2023
330695,ACF Fiorentina,Josip Brekalo,24.0,Left Winger,VfL Wolfsburg,€1.50m,in,Winter,1.5,Serie A,2022,2022/2023
330696,ACF Fiorentina,Salvatore Sirigu,36.0,Goalkeeper,SSC Napoli,free transfer,in,Winter,0.0,Serie A,2022,2022/2023
330708,Atalanta BC,Lukas Vorlicky,20.0,Left Winger,Atalanta Primavera,-,in,Winter,,Serie A,2022,2022/2023
330719,Hellas Verona,Mateusz Praszelik,22.0,Attacking Midfield,Slask Wroclaw,€2.00m,in,Winter,2.0,Serie A,2022,2022/2023
330720,Hellas Verona,Adolfo Gaich,23.0,Centre-Forward,CSKA Moscow,Loan fee:€500k,in,Winter,0.5,Serie A,2022,2022/2023
330721,Hellas Verona,Oliver Abildgaard,26.0,Defensive Midfield,Celtic FC,free transfer,in,Winter,0.0,Serie A,2022,2022/2023
330722,Hellas Verona,Cyril Ngonge,22.0,Right Winger,FC Groningen,?,in,Winter,,Serie A,2022,2022/2023
330723,Hellas Verona,Ondrej Duda,28.0,Attacking Midfield,1. FC Köln,loan transfer,in,Winter,,Serie A,2022,2022/2023
330724,Hellas Verona,Jayden Braaf,20.0,Centre-Forward,Borussia Dortmund II,loan transfer,in,Winter,,Serie A,2022,2022/2023
330725,Hellas Verona,Deyovaisio Zeefuik,24.0,Right-Back,Hertha BSC,loan transfer,in,Winter,,Serie A,2022,2022/2023
330736,Torino FC,Andreaw Gravillon,24.0,Centre-Back,Stade Reims,Loan fee:€300k,in,Winter,0.3,Serie A,2022,2022/2023
330737,Torino FC,Ivan Ilić,21.0,Central Midfield,Hellas Verona,loan transfer,in,Winter,,Serie A,2022,2022/2023
330738,Torino FC,Ronaldo Vieira,24.0,Central Midfield,UC Sampdoria,loan transfer,in,Winter,,Serie A,2022,2022/2023
330739,Torino FC,Gvidas Gineitis,18.0,Central Midfield,Torino Primavera,-,in,Winter,,Serie A,2022,2022/2023
330747,US Sassuolo,Nadir Zortea,23.0,Right-Back,Atalanta BC,loan transfer,in,Winter,,Serie A,2022,2022/2023
330748,US Sassuolo,Nedim Bajrami,23.0,Attacking Midfield,FC Empoli,loan transfer,in,Winter,,Serie A,2022,2022/2023
330758,Udinese Calcio,Matheus Martins,19.0,Left Winger,Fluminense Football Club,€6.00m,in,Winter,6.0,Serie A,2022,2022/2023
330759,Udinese Calcio,Florian Thauvin,30.0,Right Winger,Tigres UANL,free transfer,in,Winter,0.0,Serie A,2022,2022/2023
330760,Udinese Calcio,Vivaldo,17.0,Centre-Forward,Udinese Primavera,-,in,Winter,,Serie A,2022,2022/2023
330761,Udinese Calcio,Marvin Zeegelaar,32.0,Left-Back,Without Club,-,in,Winter,,Serie A,2022,2022/2023
330767,Bologna FC 1909,Georgios Kyriakopoulos,26.0,Left-Back,US Sassuolo,Loan fee:€1.00m,in,Winter,1.0,Serie A,2022,2022/2023
330768,Bologna FC 1909,Niklas Pyyhtiä,19.0,Central Midfield,Bologna Primavera,-,in,Winter,,Serie A,2022,2022/2023
330775,FC Empoli,Francesco Caputo,35.0,Centre-Forward,UC Sampdoria,loan transfer,in,Winter,,Serie A,2022,2022/2023
330776,FC Empoli,Roberto Piccoli,22.0,Centre-Forward,Atalanta BC,loan transfer,in,Winter,,Serie A,2022,2022/2023
330777,FC Empoli,Emanuel Vignato,22.0,Right Winger,Bologna FC 1909,loan transfer,in,Winter,,Serie A,2022,2022/2023
330788,UC Sampdoria,Bram Nuytinck,32.0,Centre-Back,Udinese Calcio,?,in,Winter,,Serie A,2022,2022/2023
330789,UC Sampdoria,Abdelhamid Sabiri,26.0,Attacking Midfield,ACF Fiorentina,loan transfer,in,Winter,,Serie A,2022,2022/2023
330790,UC Sampdoria,Sam Lammers,25.0,Centre-Forward,FC Empoli,loan transfer,in,Winter,,Serie A,2022,2022/2023
330791,UC Sampdoria,Emirhan Ilkhan,18.0,Central Midfield,Torino FC,loan transfer,in,Winter,,Serie A,2022,2022/2023
330792,UC Sampdoria,Koray Günter,28.0,Centre-Back,Hellas Verona,loan transfer,in,Winter,,Serie A,2022,2022/2023
330793,UC Sampdoria,Michaël Cuisance,23.0,Central Midfield,Venezia FC,loan transfer,in,Winter,,Serie A,2022,2022/2023
330794,UC Sampdoria,Martin Turk,19.0,Goalkeeper,Parma Calcio 1913,loan transfer,in,Winter,,Serie A,2022,2022/2023
330795,UC Sampdoria,Alessandro Zanoli,22.0,Right-Back,SSC Napoli,loan transfer,in,Winter,,Serie A,2022,2022/2023
330796,UC Sampdoria,Marios Oikonomou,30.0,Centre-Back,Without Club,-,in,Winter,,Serie A,2022,2022/2023
330797,UC Sampdoria,Jesé,29.0,Left Winger,Without Club,-,in,Winter,,Serie A,2022,2022/2023
330798,UC Sampdoria,Flavio Paoletti,19.0,Defensive Midfield,Sampdoria Primavera,-,in,Winter,,Serie A,2022,2022/2023
330813,Spezia Calcio,Przemyslaw Wisniewski,24.0,Centre-Back,Venezia FC,€4.00m,in,Winter,4.0,Serie A,2022,2022/2023
330814,Spezia Calcio,Raimonds Krollis,21.0,Centre-Forward,Valmiera FC,€1.50m,in,Winter,1.5,Serie A,2022,2022/2023
330815,Spezia Calcio,Eldor Shomurodov,27.0,Centre-Forward,AS Roma,Loan fee:€1.50m,in,Winter,1.5,Serie A,2022,2022/2023
330816,Spezia Calcio,Tio Cipot,19.0,Central Midfield,NS Mura,€700k,in,Winter,0.7,Serie A,2022,2022/2023
330817,Spezia Calcio,João Moutinho,24.0,Left-Back,Orlando City SC,free transfer,in,Winter,0.0,Serie A,2022,2022/2023
330818,Spezia Calcio,Szymon Zurkowski,25.0,Central Midfield,ACF Fiorentina,loan transfer,in,Winter,,Serie A,2022,2022/2023
330819,Spezia Calcio,Salvatore Esposito,22.0,Defensive Midfield,SPAL,loan transfer,in,Winter,,Serie A,2022,2022/2023
330820,Spezia Calcio,Federico Marchetti,39.0,Goalkeeper,Without Club,-,in,Winter,,Serie A,2022,2022/2023
330831,US Salernitana 1919,William Troost-Ekong,29.0,Centre-Back,Watford FC,Loan fee:€500k,in,Winter,0.5,Serie A,2022,2022/2023
330832,US Salernitana 1919,Domen Crnigoj,27.0,Central Midfield,Venezia FC,Loan fee:€350k,in,Winter,0.35,Serie A,2022,2022/2023
330833,US Salernitana 1919,Guillermo Ochoa,37.0,Goalkeeper,CF América,free transfer,in,Winter,0.0,Serie A,2022,2022/2023
330834,US Salernitana 1919,Hans Nicolussi Caviglia,22.0,Central Midfield,Juventus Next Gen,loan transfer,in,Winter,,Serie A,2022,2022/2023
330844,US Lecce,Youssef Maleh,24.0,Central Midfield,ACF Fiorentina,Loan fee:€500k,in,Winter,0.5,Serie A,2022,2022/2023
330845,US Lecce,Tommaso Cassandro,23.0,Right-Back,AS Cittadella,€400k,in,Winter,0.4,Serie A,2022,2022/2023
330846,US Lecce,Simone Romagnoli,32.0,Centre-Back,Parma Calcio 1913,?,in,Winter,,Serie A,2022,2022/2023
330847,US Lecce,Pietro Ceccaroni,27.0,Centre-Back,Venezia FC,loan transfer,in,Winter,,Serie A,2022,2022/2023
330854,US Cremonese,Alex Ferrari,28.0,Centre-Back,UC Sampdoria,loan transfer,in,Winter,,Serie A,2022,2022/2023
330855,US Cremonese,Marco Benassi,28.0,Central Midfield,ACF Fiorentina,loan transfer,in,Winter,,Serie A,2022,2022/2023
330856,US Cremonese,Pablo Galdames,26.0,Defensive Midfield,Genoa CFC,loan transfer,in,Winter,,Serie A,2022,2022/2023
330867,AC Monza,Franco Carboni,19.0,Left-Back,Inter Milan,loan transfer,in,Winter,,Serie A,2022,2022/2023
