Squad,Gender,Comp,From,To,Comps,Champs,Other Names
AC Ajaccio,M,Ligue 1,2002-2003,2022-2023,18,0,
AC Arles-Avignon,M,,2009-2010,2015-2016,6,0,
AC Basse-Goulaine,M,,2022-2023,2022-2023,0,,
AC Cambrai,M,,2014-2015,2022-2023,0,0,
AC Chapelain Foot,M,,2017-2018,2017-2018,0,0,
AC Paris 15,M,,2022-2023,2022-2023,0,,
AC Pouzauges Réaumur,M,,2016-2017,2016-2017,0,0,
AC Seyssinet,M,,2017-2018,2020-2021,0,0,
AF Bobigny,M,,2014-2015,2018-2019,0,0,
AF Lozère,M,,2014-2015,2018-2019,0,0,Avenir Foot Lozère
AF Virois,M,,2017-2018,2022-2023,0,0,
AFC Compiègne,M,,2016-2017,2018-2019,0,0,
AFC Creil,M,,2015-2016,2015-2016,0,0,
AG Caennaise,M,,2018-2019,2021-2022,0,0,
AGL Drapeau Fougeres,M,,2014-2015,2022-2023,0,0,
Aiglon du Lamentin,M,,2014-2015,2022-2023,0,0,
Ailly sur Somme FC,M,,2014-2015,2015-2016,0,0,
Ain Sud Foot,M,,2014-2015,2021-2022,0,0,
AJ Auxerre,M,Ligue 1,1991-1992,2022-2023,28,1,
AJ Petite-Île,M,,2017-2018,2017-2018,0,0,
AJ Saint-Georges,M,,2019-2020,2019-2020,0,0,
Amiens AC,M,,2014-2015,2021-2022,0,0,
Amiens SC,M,Ligue 2,2011-2012,2022-2023,8,0,
AMS Merpins,M,,2022-2023,2022-2023,0,,
Ancienne de Château-Gontier,M,,2017-2018,2019-2020,0,0,
Angers SCO,M,Ligue 1,2009-2010,2022-2023,14,0,
Angoulême CFC,M,,2017-2018,2022-2023,0,0,AS Angoulême-Charente
Annecy FC,M,Ligue 2,2015-2016,2022-2023,1,0,FC Annecy
APM Metz,M,,2015-2016,2016-2017,0,0,
Arras Football,M,,2014-2015,2020-2021,0,0,
AS Aix,M,,2014-2015,2014-2015,0,0,Aix les Bains FC
AS Aixoise,M,,2016-2017,2020-2021,0,0,
AS Beauvais Oise,M,,2014-2015,2022-2023,0,0,AS Beauvais-Oise
AS Belfort Sud,M,,2019-2020,2019-2020,0,0,
AS Béziers,M,,2015-2016,2019-2020,1,0,
AS Bourny-Laval,M,,2018-2019,2018-2019,0,0,
AS Bron Grand Lyon,M,,2017-2018,2017-2018,0,0,
AS Cagnes-Le Cros,M,,2017-2018,2017-2018,0,0,
AS Cannes,M,,1991-1992,2021-2022,3,0,
AS Carrières Grésillons,M,,2018-2019,2018-2019,0,0,
AS Chatou,M,,2021-2022,2021-2022,0,0,
AS Cherbourg Football,M,,2018-2019,2018-2019,0,0,
AS Clouange,M,,2015-2016,2015-2016,0,0,
AS de Montchat Lyon,M,,2021-2022,2021-2022,0,0,
AS Dragon,M,,2021-2022,2021-2022,0,0,
AS Dragon,M,,2016-2017,2018-2019,0,0,
AS Erstein,M,,2016-2017,2019-2020,0,0,
AS Étaples Football,M,,2016-2017,2021-2022,0,0,
AS Excelsior,M,,2014-2015,2017-2018,0,0,
AS Fabrègues,M,,2017-2018,2020-2021,0,0,
AS Frontignan AC,M,,2015-2016,2021-2022,0,0,
AS Furiani-Agliani,M,,2017-2018,2020-2021,0,0,
AS Gamaches,M,,2018-2019,2018-2019,0,0,
AS Gémenos,M,,2017-2018,2017-2018,0,0,
AS Ginglin-Cesson,M,,2014-2015,2014-2015,0,0,
AS Girancourt Dommartin,M,,2014-2015,2014-2015,0,0,
AS Grâces,M,,2014-2015,2014-2015,0,0,
AS Illzach Modenheim,M,,2021-2022,2022-2023,0,0,
AS Jumeaux de Mzouazia,M,,2014-2015,2021-2022,0,0,
AS La Châtaigneraie,M,,2018-2019,2022-2023,0,0,
AS Lattes,M,,2019-2020,2019-2020,0,0,
AS Loisirs de Kœtzingue,M,,2021-2022,2021-2022,0,0,
AS Lössi,M,,2017-2018,2017-2018,0,0,
AS Lyon-Duchère,M,,2014-2015,2022-2023,0,0,
AS Magenta,M,,2014-2015,2018-2019,0,0,
AS Marck,M,,2014-2015,2018-2019,0,0,
AS Maximoise,M,,2020-2021,2020-2021,0,0,
AS Misérieux-Trévoux,M,,2016-2017,2016-2017,0,0,
AS Monaco FC,M,Ligue 1,1990-1991,2022-2023,28,4,
AS Montlouis,M,,2019-2020,2019-2020,0,0,
AS Morhange,M,,2014-2015,2021-2022,0,0,
AS Moulins,M,,2014-2015,2015-2016,0,0,Football
AS Muret,M,,2015-2016,2021-2022,0,0,
AS Nancy,M,,1996-1997,2022-2023,20,1,
AS Nord Vignoble,M,,2020-2021,2020-2021,0,0,
AS Pagny-sur-Moselle,M,,2014-2015,2015-2016,0,0,
AS Panazol,M,,2015-2016,2021-2022,0,0,
AS Pays Neslois,M,,2018-2019,2018-2019,0,0,
AS Pirae,M,,2015-2016,2015-2016,0,0,
AS Plobannalec Lesconil,M,,2014-2015,2014-2015,0,0,
AS Plomelin,M,,2017-2018,2017-2018,0,0,
AS Poissy,M,,2015-2016,2022-2023,0,0,Football
AS Prix-lès-Mézières,M,,2015-2016,2022-2023,0,0,AS Prix-les-Mézières
AS Reding,M,,2015-2016,2015-2016,0,0,
AS Ribeauvillé,M,,2020-2021,2020-2021,0,0,
AS Saint-Étienne,F,,2021-2022,2021-2022,1,,
AS Saint-Étienne,M,Ligue 2,1995-1996,2022-2023,22,0,
AS Saint-Ouen-l'Aumône,M,,2014-2015,2015-2016,0,0,
AS Saint-Priest,M,,2014-2015,2022-2023,0,0,
AS Savigneux Montbrison,M,,2016-2017,2022-2023,0,0,
AS St Pantaleon,M,,2016-2017,2016-2017,0,0,
AS Steenvoorde,M,,2016-2017,2020-2021,0,0,
AS Sud Ardèche,M,,2017-2018,2017-2018,0,0,
AS Sundhoffen,M,,2019-2020,2019-2020,0,0,
AS Tefana,M,,2014-2015,2017-2018,0,0,
AS Tournefeuille,M,,2017-2018,2017-2018,0,0,
AS Trouville-Deauville,M,,2014-2015,2021-2022,0,0,
AS Val de Reuil-Vaudreuil-Poses,M,,2021-2022,2021-2022,0,0,
AS Valence,M,,2018-2019,2019-2020,0,0,Olympique de Valence
AS Vénus,M,,2019-2020,2022-2023,0,0,
AS Vignoc Hédé Guipel,M,,2018-2019,2018-2019,0,0,
AS Villers-Houlgate,M,,2018-2019,2018-2019,0,0,
AS Vitré,M,,2014-2015,2022-2023,0,0,
AS Yzeure,M,,2014-2015,2021-2022,0,0,Moulins Yzeure Foot
ASC Biesheim,M,,2017-2018,2021-2022,0,0,
ASC Hazebrouck,M,,2018-2019,2018-2019,0,0,
ASC La Courneuve,M,,2017-2018,2017-2018,0,0,
ASC Le Geldar,M,,2016-2017,2022-2023,0,0,
ASC Saint-Apollinaire,M,,2021-2022,2022-2023,0,0,
ASF Andrézieux,M,,2014-2015,2022-2023,0,0,Andrézieux-Bouthéon FC
ASI Murs-Erigné,M,,2019-2020,2019-2020,0,0,
ASJ Soyaux,F,Championnat de France de Football Féminin,2017-2018,2022-2023,6,,
ASL Billère,M,,2020-2021,2020-2021,0,0,
ASM Belfort,M,,2016-2017,2022-2023,0,0,
ASM Vénissieux,M,,2020-2021,2022-2023,0,0,
ASP Thionville,M,,2020-2021,2020-2021,0,0,
ASPTT - CAEB Cholet,M,,2015-2016,2016-2017,0,0,
ASPTT Albi,F,,2017-2018,2017-2018,1,,
ASPTT Brest,M,,2016-2017,2016-2017,0,0,
ASPTT Caen Football,M,,2017-2018,2017-2018,0,0,
ASPV Strasbourg,M,,2019-2020,2019-2020,0,0,AS Pierrots Vauban
ASU Grand-Santi,M,,2020-2021,2022-2023,0,0,
Aubagne FC,M,,2020-2021,2022-2023,0,0,
Auch Football,M,,2014-2015,2019-2020,0,0,
Auray FC,M,,2022-2023,2022-2023,0,,
Aurillac FCA,M,,2014-2015,2020-2021,0,0,FC Aurillac Arpajon
Avant Garde de Plouvorn,M,,2014-2015,2022-2023,0,0,
Avenir de Theix,M,,2018-2019,2019-2020,0,0,
Aviron Bayonnais FC,M,,2017-2018,2020-2021,0,0,
Avoine Olympique CC,M,,2016-2017,2022-2023,0,0,
Balma SC,M,,2014-2015,2017-2018,0,0,
Beaune FC,M,,2018-2019,2018-2019,0,0,AS Beaune
Bergerac Foot,M,,2016-2017,2022-2023,0,0,Bergerac Périgord FC
Berre SC,M,,2015-2016,2015-2016,0,0,
Besançon Football,M,,2015-2016,2018-2019,0,0,
Blagnac FC,M,,2015-2016,2016-2017,0,0,
Blois Foot 41,M,,2014-2015,2018-2019,0,0,Blois Football 41
Borgo FC,M,,2014-2015,2016-2017,0,0,
Bourg-en-Bresse Péronnas,M,,2015-2016,2021-2022,3,0,Football Bourg en Bresse Péronnas 01
Bourges 18,M,,2015-2016,2020-2021,0,0,
Bourges Foot,M,,2015-2016,2019-2020,0,0,
Bourges Foot 18,M,,2022-2023,2022-2023,0,,
Bresse Jura Foot,M,,2021-2022,2021-2022,0,0,
Bretigny Foot CS,M,,2015-2016,2015-2016,0,0,
CA Bastia,M,,2013-2014,2013-2014,1,0,
CA Boulay,M,,2019-2020,2019-2020,0,0,
CA Eperlecquois,M,,2022-2023,2022-2023,0,,
CA Meymacois,M,,2014-2015,2014-2015,0,0,
CA Pontarlier,M,,2014-2015,2020-2021,0,0,
Calais RUFC,M,,2014-2015,2014-2015,0,0,
Calonne-Ricouart FC Cité 6,M,,2021-2022,2021-2022,0,0,
CAS Escaudoeuvres,M,,2018-2019,2018-2019,0,0,
Castelnau Le Crès FC,M,,2020-2021,2020-2021,0,0,
CE Palavas,M,,2016-2017,2016-2017,0,0,
CEP Lorient,M,,2019-2020,2019-2020,0,0,
Cergy-Pontoise FC,M,,2021-2022,2021-2022,0,0,
Chamois Niortais FC,M,Ligue 2,2012-2013,2022-2023,11,0,
Champigny FC 94,M,,2014-2015,2016-2017,0,0,
Chassieu Décines FC,M,,2015-2016,2019-2020,0,0,
Chaumont FC,M,,2016-2017,2017-2018,0,0,FC Chaumont
Claye-Souilly SF,M,,2016-2017,2016-2017,0,0,
Clermont Foot,M,Ligue 1,2009-2010,2022-2023,14,0,
Club athlétique de Vitry,M,,2020-2021,2020-2021,0,0,
Club Colonial,M,,2016-2017,2021-2022,0,0,de Fort-de-France
Club Franciscain,M,,2014-2015,2021-2022,0,0,
Cluses-Scionzier FC,M,,2016-2017,2017-2018,0,0,
CMS Oissel,M,,2014-2015,2022-2023,0,0,
CO Avallon,M,,2014-2015,2017-2018,0,0,
CO Les Ulis,M,,2017-2018,2022-2023,0,0,
CO Saint-Saturnin-Arche,M,,2015-2016,2015-2016,0,0,
Cormontreuil FC,M,,2019-2020,2019-2020,0,0,
COS Villers-Lès-Nancy,M,,2022-2023,2022-2023,0,,
Cosne USC Football,M,,2020-2021,2022-2023,0,0,
Côte Chaude Sportif Saint-Ètienne,M,,2016-2017,2021-2022,0,0,
CPB Bréquigny Foot,M,,2015-2016,2015-2016,0,0,
Croix Football Iris Club,M,,2014-2015,2019-2020,0,0,
CS Avion,M,,2016-2017,2018-2019,0,0,
CS Betton,M,,2019-2020,2019-2020,0,0,
CS Chaumontois,M,,2022-2023,2022-2023,0,,
CS Feytiat,M,,2017-2018,2021-2022,0,0,
CS Homécourt,M,,2016-2017,2016-2017,0,0,
CS Louhans-Cuiseaux,M,,2014-2015,2022-2023,0,0,Louhans Cuiseaux FC
CS Mainvilliers,M,,2015-2016,2021-2022,0,0,
CS Meaux Academy,M,,2014-2015,2019-2020,0,0,
CS Moulien,M,,2014-2015,2019-2020,0,0,
CS Neuvillois,M,,2021-2022,2021-2022,0,0,
CS Plédranais,M,,2017-2018,2021-2022,0,0,
CS Sedan Ardennes,M,,1999-2000,2021-2022,9,0,
CS Volvic,M,,2015-2016,2018-2019,0,0,
CSC Cayenne,M,,2019-2020,2021-2022,0,0,
CSM Gennevilliers,M,,2019-2020,2019-2020,0,0,
CSO Amnéville,M,,2017-2018,2020-2021,0,0,CSO 1919 Amnéville
Diables Noirs de Combani,M,,2017-2018,2022-2023,0,0,
Dijon FCO,F,Championnat de France de Football Féminin,2018-2019,2022-2023,5,,
Dijon FCO,M,Ligue 2,2009-2010,2022-2023,14,0,
Dinan-Léhon FC,M,,2014-2015,2021-2022,0,0,
ÉDS Montluçon,M,,2018-2019,2021-2022,0,0,Montluçon Football
EF Reims Sainte-Anne Chatillons,M,,2014-2015,2022-2023,0,0,
Eglantine Vierzon,M,,2014-2015,2014-2015,0,0,Églantine Vierzonnaise Football
Elan de Gorges Football,M,,2020-2021,2020-2021,0,0,
En Avant de Guingamp,F,Championnat de France de Football Féminin,2017-2018,2022-2023,6,,
En Avant de Guingamp,M,Ligue 2,1995-1996,2022-2023,20,0,
En Avant Saint-Renan,M,,2020-2021,2020-2021,0,0,
En Avante de St. Renen,M,,2015-2016,2015-2016,0,0,
Entente Boé Bon Encontre F.,M,,2022-2023,2022-2023,0,,
Entente Centre Ornain FC,M,,2016-2017,2016-2017,0,0,
Entente Crest-Aouste,M,,2018-2019,2018-2019,0,0,
Entente Itancourt-Neuville,M,,2017-2018,2020-2021,0,0,
Entente Saint-Clément-Montferrier,M,,2020-2021,2020-2021,0,0,
Entente SFC Falaise,M,,2020-2021,2020-2021,0,0,
Entente UGA Ardziv,M,,2019-2020,2019-2020,0,0,
Ernéenne Foot,M,,2016-2017,2016-2017,0,0,
ES Anzin-Saint-Aubin,M,,2021-2022,2021-2022,0,0,
ES Bonchamp,M,,2014-2015,2016-2017,0,0,
ES Bully,M,,2021-2022,2021-2022,0,0,
ES Cannet-Rocheville,M,,2021-2022,2021-2022,0,0,
ES Chilly,M,,2019-2020,2019-2020,0,0,
ES Gandrange,M,,2022-2023,2022-2023,0,,
ES Guérétoise,M,,2015-2016,2021-2022,0,0,
ES Heillecourt,M,,2018-2019,2022-2023,0,0,
ES La Rochelle,M,,2014-2015,2015-2016,0,0,
ES Lambres-lez-Douai,M,,2020-2021,2020-2021,0,0,
ES Molsheim Ernolsheim,M,,2021-2022,2021-2022,0,0,
ES Nanterre,M,,2019-2020,2021-2022,0,0,
ES Parisienne,M,,2016-2017,2016-2017,0,0,
ES Paulhan-Pézenas,M,,2014-2015,2016-2017,0,0,
ES Tarentaise,M,,2017-2018,2022-2023,0,0,
ES Thaon,M,,2017-2018,2022-2023,0,0,
ES Villerupt Thil,M,,2014-2015,2022-2023,0,0,
ES Viry-Châtillon,M,,2015-2016,2018-2019,0,0,
ES Wasquehal,M,,2015-2016,2022-2023,0,0,Wasquehal Football
ES Zacharienne,M,,2020-2021,2020-2021,0,0,
ESA Brive,M,,2014-2015,2021-2022,0,0,
ESA Linas-Montlhéry,M,,2019-2020,2022-2023,0,0,
ESC Longueau,M,,2016-2017,2020-2021,0,0,
ESM Gonfreville,M,,2014-2015,2020-2021,0,0,l'Orcher
ESM Hamel,M,,2021-2022,2021-2022,0,0,
ESOF La Roche-sur-Yon,M,,2021-2022,2021-2022,0,0,
Espérance Aulnay,M,,2021-2022,2021-2022,0,0,
Espérance Chartres de Bretagne,M,,2022-2023,2022-2023,0,,
Étoile Fréjus Saint-Raphaël,M,,2014-2015,2022-2023,0,0,ÉFC Fréjus Saint-Raphaël
Etoile Naborienne Saint-Avold,M,,2017-2018,2018-2019,0,0,
Evian Thonon Gaillard FC,M,,2010-2011,2020-2021,6,1,Thonon Évian Savoie FC
Évreux FC,M,,2017-2018,2022-2023,0,0,Evreux FC 27
FA Illkirch-Graffenstaden,M,,2014-2015,2018-2019,0,0,
FA Le Cendre,M,,2016-2017,2016-2017,0,0,
FC 4 Rivières 70,M,,2017-2018,2019-2020,0,0,
FC 93,M,,2020-2021,2021-2022,0,0,
FC Albères-Argelès,M,,2017-2018,2022-2023,0,0,
FC Atlantique Vilaine,M,,2018-2019,2018-2019,0,0,
FC Bassin d'Arcachon,M,,2016-2017,2016-2017,0,0,
FC Bastia-Borgo,M,,2014-2015,2022-2023,0,0,
FC Biars Bretenoux,M,,2018-2019,2022-2023,0,0,
FC Bondues,M,,2022-2023,2022-2023,0,,
FC Bords-de-Saône,M,,2016-2017,2016-2017,0,0,
FC Bourgoin-Jallieu,M,,2014-2015,2022-2023,0,0,
FC Bressuire,M,,2014-2015,2017-2018,0,0,
FC Challans,M,,2016-2017,2019-2020,0,0,
FC Chalon,M,,2014-2015,2014-2015,0,0,nais
FC Chamalières,M,,2017-2018,2022-2023,0,0,
FC Chambly,M,,2014-2015,2022-2023,2,0,Oise
FC Chartres,M,,2017-2018,2017-2018,0,0,
FC Chartres,M,,2019-2020,2021-2022,0,0,C' Chartres Football
FC Chauray,M,,2014-2015,2022-2023,0,0,
FC Chusclan-Laudun-l'Ardoise,M,,2021-2022,2021-2022,0,0,
FC Côte Bleue,M,,2018-2019,2018-2019,0,0,
FC Cournon-d'Auvergne,M,,2019-2020,2022-2023,0,0,FC Cournon d'Auvergne
FC Dahlenheim,M,,2016-2017,2016-2017,0,0,
FC Dieppe,M,,2019-2020,2019-2020,0,0,FC Dieppois
FC Dutemple,M,,2021-2022,2021-2022,0,0,
FC Échirolles,M,,2014-2015,2015-2016,0,0,
FC Ecureuils Merignac-Arlac,M,,2017-2018,2022-2023,0,0,
FC Éloyes,M,,2021-2022,2021-2022,0,0,
FC Espaly,M,,2015-2016,2015-2016,0,0,
FC Essartais,M,,2017-2018,2017-2018,0,0,
FC Fleury 91,M,,2014-2015,2022-2023,0,0,
FC Fleury 91 Cœur d'Essonne,F,Championnat de France de Football Féminin,2017-2018,2022-2023,6,,
FC Geispolsheim 01,M,,2017-2018,2022-2023,0,0,
FC Girondins de Bordeaux,M,Ligue 2,1990-1991,2022-2023,28,2,
FC Girondins de Bordeaux,F,Championnat de France de Football Féminin,2017-2018,2022-2023,6,,
FC Gobelins,M,,2022-2023,2022-2023,0,,
FC Grandvillars,M,,2017-2018,2017-2018,0,0,
FC Gueugnon,M,,1995-1996,2022-2023,1,0,
FC Guichen,M,,2014-2015,2020-2021,0,0,
FC Hégenheim,M,,2017-2018,2017-2018,0,0,
FC Istres,M,,2004-2005,2021-2022,6,0,Istres FC
FC Kronenbourg Strasbourg,M,,2016-2017,2016-2017,0,0,
FC La Chapelle Montgermont,M,,2015-2016,2015-2016,0,0,
FC La Chapelle-des-Marais,M,,2018-2019,2018-2019,0,0,
FC La Suze,M,,2015-2016,2015-2016,0,0,
FC La Tour-Saint Clair,M,,2017-2018,2017-2018,0,0,
FC Langlade,M,,2021-2022,2021-2022,0,0,
FC Lescarien,M,,2022-2023,2022-2023,0,,
FC Liancourt Clermont,M,,2022-2023,2022-2023,0,,
FC Lille-Sud,M,,2014-2015,2014-2015,0,0,
FC Limonest Saint-Didier,M,,2014-2015,2022-2023,0,0,
FC Loon-Plage,M,,2014-2015,2022-2023,0,0,
FC Lorient,M,Ligue 1,1998-1999,2022-2023,19,1,
FC Lunéville,M,,2016-2017,2019-2020,0,0,
FC Lyon,M,,2019-2020,2019-2020,0,0,
FC Mantes,M,,2015-2016,2015-2016,0,0,FC Mantois 78
FC Marcoussis NVB,M,,2022-2023,2022-2023,0,,
FC Martigues,M,,1995-1996,2021-2022,1,0,
FC Metz,F,,2018-2019,2019-2020,2,,
FC Metz,M,Ligue 2,1995-1996,2022-2023,24,2,
FC Montceau Bourgogne,M,,2014-2015,2019-2020,0,0,
FC Morteau-Montlebon,M,,2017-2018,2021-2022,0,0,
FC Mtsapéré,M,,2016-2017,2020-2021,0,0,
FC Mulhouse,M,,2014-2015,2021-2022,0,0,
FC Nantes,M,Ligue 1,1993-1994,2022-2023,27,1,
FC Nogentais,M,,2021-2022,2021-2022,0,0,
FC Nord 17,M,,2015-2016,2015-2016,0,0,
FC Nueillaubiers,M,,2019-2020,2019-2020,0,0,
FC Obermodern,M,,2020-2021,2020-2021,0,0,
FC Ouest Tourangeau,M,,2021-2022,2021-2022,0,0,
FC Pays Argentonnais,M,,2017-2018,2017-2018,0,0,
FC Petit-Bard Montpellier,M,,2014-2015,2014-2015,0,0,
FC Pontcharra St. Loup,M,,2015-2016,2015-2016,0,0,
FC Porto Portugais,M,,2017-2018,2017-2018,0,0,
FC Quarouble,M,,2017-2018,2017-2018,0,0,
FC Quimperlé,M,,2017-2018,2017-2018,0,0,
FC Raismes,M,,2021-2022,2021-2022,0,0,
FC Rhône Vallées 26.07,M,,2014-2015,2020-2021,0,0,
FC Riom,M,,2018-2019,2018-2019,0,0,
FC Roche Saint Genest,M,,2022-2023,2022-2023,0,,
FC Rossfeld,M,,2018-2019,2018-2019,0,0,
FC Rouen,M,,2017-2018,2021-2022,0,0,
FC Rousse-Ste Victoire,M,,2016-2017,2016-2017,0,0,
FC Saint Mihiel,M,,2014-2015,2014-2015,0,0,
FC Saint-Cyr Collonges au Mont d'Or,M,,2021-2022,2021-2022,0,0,
FC Saint-Doulchard,M,,2022-2023,2022-2023,0,,
FC Saint-Julien Petit Quevilly,M,,2021-2022,2021-2022,0,0,
FC Saint-Lô Manche,M,,2014-2015,2021-2022,0,0,
FC Saint-Louis Neuweg,M,,2014-2015,2022-2023,0,0,
FC Saint-Méziéry,M,,2020-2021,2020-2021,0,0,
FC Sarrebourg,M,,2016-2017,2021-2022,0,0,
FC Saverne,M,,2014-2015,2014-2015,0,0,
FC Seltz,M,,2014-2015,2014-2015,0,0,
FC Sens,M,,2015-2016,2015-2016,0,0,
FC Sète 34,M,,2015-2016,2018-2019,0,0,
FC Sochaux-Montbéliard,M,Ligue 2,1998-1999,2022-2023,23,0,
FC Soleil Bischheim,M,,2016-2017,2021-2022,0,0,
FC Still 1930,M,,2017-2018,2017-2018,0,0,
FC Tartas St-Yaguen,M,,2018-2019,2018-2019,0,0,
FC Trémery,M,,2017-2018,2017-2018,0,0,
FC Val' Lyonnais,M,,2018-2019,2018-2019,0,0,
FC Valdaine,M,,2017-2018,2017-2018,0,0,
FC Vallée de la Gresse,M,,2017-2018,2017-2018,0,0,
FC Vaulx-en-Velin,M,,2014-2015,2022-2023,0,0,
FC Versailles,M,,2015-2016,2021-2022,0,0,78
FC Verton,M,,2019-2020,2019-2020,0,0,
FC Veyle Saone,M,,2015-2016,2015-2016,0,0,
FC Villefranche,M,,2015-2016,2022-2023,0,0,-Beaujolais
FCA Troyenne,M,,2017-2018,2018-2019,0,0,
FCE Schirrhein,M,,2015-2016,2015-2016,0,0,
FCM Aubervilliers,M,,2014-2015,2022-2023,0,0,
FCO Strasbourg Koenigshoffen 06,M,,2020-2021,2022-2023,0,0,
FCSR Haguenau,M,,2016-2017,2022-2023,0,0,FC SR Haguenau
Football Balagne Île Rousse,M,,2015-2016,2015-2016,0,0,
Football club de Saint-Médard-en-Jalles,M,,2019-2020,2019-2020,0,0,FC Saint Médard en Jalles
Football Club Libourne,M,,2014-2015,2021-2022,0,0,FC Libourne
Football en Mont-Pilat,M,,2017-2018,2017-2018,0,0,
FR Saint Marcel,M,,2021-2022,2021-2022,0,0,
FU Narbonne,M,,2022-2023,2022-2023,0,,
Gallia Club Lucciana,M,,2017-2018,2022-2023,0,0,
Gazélec Ajaccio,M,,2012-2013,2021-2022,6,0,
Genêts Anglet,M,,2014-2015,2020-2021,0,0,Les Genêts d'Anglet Football
GFA Rumilly Vallières,M,,2020-2021,2022-2023,0,0,
Golden Star,M,,2015-2016,2019-2020,0,0,Fort-de-France
GPSO 92 Issy,F,,2020-2021,2021-2022,2,,
Grand Calais Pascal FC,M,,2019-2020,2019-2020,0,0,
Grand-Quevilly FC,M,,2016-2017,2022-2023,0,0,
Grenoble Foot 38,M,Ligue 2,2008-2009,2022-2023,8,0,
GS Consolat,M,,2014-2015,2020-2021,0,0,Athlético Marseille
GSI Pontivy,M,,2014-2015,2018-2019,0,0,
Guipavas GDR,M,,2016-2017,2018-2019,0,0,
Hauts Lyonnais,M,,2015-2016,2021-2022,0,0,
Havre Caucriauville S.,M,,2022-2023,2022-2023,0,,
Hienghène Sport,M,,2015-2016,2022-2023,0,0,
Houilles AC,M,,2017-2018,2017-2018,0,0,
Hyères FC,M,,2016-2017,2022-2023,0,0,
J3S Amilly,M,,2021-2022,2021-2022,0,0,
JA Armentières,M,,2022-2023,2022-2023,0,,
JA Biarritz,M,,2016-2017,2016-2017,0,0,
JA Drancy,M,,2016-2017,2022-2023,0,0,Jeanne d'Arc de Drancy
Jarville JF,M,,2016-2017,2016-2017,0,0,
Jeunesse Evolution,M,,2019-2020,2019-2020,0,0,AN Jeunesse Évolution
JS Chemin Bas d'Avignon,M,,2021-2022,2021-2022,0,0,
JS Saint-Pierroise,M,,2016-2017,2022-2023,0,0,
JS Sireuil,M,,2019-2020,2019-2020,0,0,
JS St. Jean Beaulieu,M,,2015-2016,2015-2016,0,0,
JS Vieux-Habitants,M,,2018-2019,2018-2019,0,0,
JSC Bellevue Nantes,M,,2014-2015,2022-2023,0,0,
Jura Dolois Foot,M,,2021-2022,2022-2023,0,0,
Jura Sud Lavans,M,,2014-2015,2022-2023,0,0,Jura Sud Foot
L'Entente SSG,M,,2015-2016,2019-2020,0,0,Entente Sannois Saint-Gratien
L'Esperance de Saint-Dizier,M,,2014-2015,2014-2015,0,0,
L'Etoile de Morne-à-l'Eau,M,,2015-2016,2022-2023,0,0,L'Étoile Morne-à-l'Eau
L'Union Saint Jean FC,M,,2019-2020,2019-2020,0,0,
La Brède FC,M,,2017-2018,2018-2019,0,0,
La Flèche RC,M,,2019-2020,2019-2020,0,0,RC Flèchois
La Roche VF,M,,2021-2022,2021-2022,0,0,
Langon FC,M,,2017-2018,2017-2018,0,0,
Lannion FC,M,,2018-2019,2022-2023,0,0,
LB Châteauroux,M,,1997-1998,2022-2023,11,0,
LC Bretteville-sur-Odon,M,,2017-2018,2017-2018,0,0,
Le Blanc-Mesnil SF,M,,2015-2016,2017-2018,0,0,
Le Havre AC,M,Ligue 2,1995-1996,2022-2023,21,0,
Le Havre AC,F,Championnat de France de Football Féminin,2020-2021,2022-2023,2,,
Le Mans FC,M,,2003-2004,2022-2023,10,0,
Le Mée-sur-Seine SF,M,,2016-2017,2016-2017,0,0,
Le Puy Foot 43,M,,2014-2015,2022-2023,0,0,
Le Touquet Athletic Club,M,,2019-2020,2019-2020,0,0,Le Touquet AC
Les Herbiers VF,M,,2015-2016,2022-2023,0,0,Vendée Les Herbiers Football
Les Jeunes d'Argentré,M,,2014-2015,2014-2015,0,0,
Lille OS Fives,M,,2017-2018,2017-2018,0,0,
Lille OSC,F,,2017-2018,2018-2019,2,,
Lille OSC,M,Ligue 1,1995-1996,2022-2023,25,2,
Limens JSA,M,,2021-2022,2021-2022,0,0,
Limoges FC,M,,2015-2016,2018-2019,0,0,
Luc-Primaube FC,M,,2016-2017,2016-2017,0,0,
Luzenac AP,M,,2018-2019,2018-2019,0,0,Luzenac Ariège Pyrénées
Mareuil SC,M,,2022-2023,2022-2023,0,,
Marssac Rivières Sénouillac,M,,2014-2015,2020-2021,0,0,
Melun FC,M,,2018-2019,2018-2019,0,0,
Mons AC,M,,2015-2016,2015-2016,0,0,
Montauban FC Tarn et Garonne,M,,2015-2016,2022-2023,0,0,
Montpellier HSC,M,Ligue 1,1995-1996,2022-2023,22,1,
Montpellier HSC,F,Championnat de France de Football Féminin,2017-2018,2022-2023,6,0,
Monts d'Or Azergues Foot,M,,2014-2015,2015-2016,0,0,Monts d'Or Anse Foot
MOS-3 Rivières FC,M,,2014-2015,2014-2015,0,0,
NDC Angers,M,,2022-2023,2022-2023,0,,
Nîmes Olympique,M,Ligue 2,2009-2010,2022-2023,13,0,
Noisy-le-Grand FC,M,,2018-2019,2018-2019,0,0,
OC Perpignan,M,,2015-2016,2015-2016,0,0,
OGC Nice,M,Ligue 1,1995-1996,2022-2023,23,0,
Olympique Adamois,M,,2019-2020,2019-2020,0,0,
Olympique Alès,M,,2014-2015,2022-2023,0,0,-en-Cévennes
Olympique de Marseille,M,Ligue 1,1990-1991,2022-2023,27,1,
Olympique de Marseille,F,,2017-2018,2019-2020,2,,
Olympique Grande-Synthe,M,,2019-2020,2019-2020,0,0,
Olympique Lumbrois,M,,2019-2020,2021-2022,0,0,
Olympique Lyonnais,M,Ligue 1,1991-1992,2022-2023,28,7,
Olympique Lyonnais Féminin,F,Championnat de France de Football Féminin,2014-2015,2022-2023,6,4,Olympique Lyonnais
Olympique Marcquois Football,M,,2016-2017,2022-2023,0,0,
Olympique Noisy-le-Sec,M,,2014-2015,2015-2016,0,0,B.93
Olympique Pavillais,M,,2016-2017,2016-2017,0,0,
Olympique Saint Marcellin,M,,2014-2015,2016-2017,0,0,
Olympique Saint-Quentin,M,,2018-2019,2022-2023,0,0,ois
Olympique Saumur FC,M,,2015-2016,2021-2022,0,0,
Olympique Strasbourg,M,,2018-2019,2018-2019,0,0,
Onet-le-Château Football,M,,2020-2021,2022-2023,0,0,
Orvault Sports Football,M,,2015-2016,2022-2023,0,0,
OS Aire-sur-la-Lys,M,,2020-2021,2020-2021,0,0,
OT St Liguare Niort,M,,2016-2017,2020-2021,0,0,
Pamandzi SC,M,,2020-2021,2020-2021,0,0,
Paris FC,M,Ligue 2,2014-2015,2022-2023,7,0,
Paris FC,F,Championnat de France de Football Féminin,2017-2018,2022-2023,6,,
Paris Saint-Germain FC,M,Ligue 1,1992-1993,2022-2023,28,8,
Paris Saint-Germain Féminines,F,Championnat de France de Football Féminin,2014-2015,2022-2023,6,1,Paris Saint-Germain FC
Pau FC,M,Ligue 2,2016-2017,2022-2023,3,0,
PD Ergué-Gabéric,M,,2021-2022,2022-2023,0,0,
Perpignan Canet FC,M,,2017-2018,2021-2022,0,0,Canet Roussillon FC
Plancoët-Arguenon FC,M,,2017-2018,2021-2022,0,0,
Ploufragan FC,M,,2016-2017,2016-2017,0,0,
Plouzané ACF,M,,2016-2017,2020-2021,0,0,
Podensac FC des Graves,M,,2014-2015,2014-2015,0,0,
Poitiers FC,M,,2016-2017,2022-2023,0,0,Stade Poitevin
Racing Besançon,M,,2015-2016,2020-2021,0,0,
RC Champigneulles,M,,2021-2022,2021-2022,0,0,
RC Clermont,M,,2014-2015,2014-2015,0,0,
RC Épernay Champagne,M,,2015-2016,2018-2019,0,0,
RC Grasse,M,,2019-2020,2022-2023,0,0,
RC Lens,M,Ligue 1,1995-1996,2022-2023,27,1,
RC Lons le Saunier,M,,2019-2020,2021-2022,0,0,
RC Rannée-La Guerche-Drouges,M,,2016-2017,2016-2017,0,0,
RC Salouël,M,,2021-2022,2021-2022,0,0,
RC Strasbourg Alsace,M,Ligue 1,1995-1996,2022-2023,19,1,
RC Vichy,M,,2014-2015,2021-2022,0,0,
RCFF Colombes 92,M,,2017-2018,2017-2018,0,0,
RCO Agde,M,,2014-2015,2022-2023,0,0,
RCS La Chapelle,M,,2018-2019,2018-2019,0,0,Saint-Luc
Red Star FC,M,,2014-2015,2022-2023,3,0,
Rodez AF,F,Championnat de France de Football Féminin,2017-2018,2022-2023,3,,
Rodez AF,M,Ligue 2,2016-2017,2022-2023,4,0,Rodez Aveyron Football
Rostrenen FC,M,,2015-2016,2015-2016,0,0,
RS Magny,M,,2015-2016,2021-2022,0,0,
SA Mérignac,M,,2022-2023,2022-2023,0,,
SA Sézanne,M,,2016-2017,2016-2017,0,0,
SA Thiers,M,,2015-2016,2022-2023,0,0,
Sablé FC,M,,2019-2020,2022-2023,0,0,
SAG Cestas,M,,2021-2022,2021-2022,0,0,
Saint-Amand FC,M,,2015-2016,2018-2019,0,0,
Saint-Brice FC,M,,2017-2018,2020-2021,0,0,
Saint-Colomban Locminé,M,,2016-2017,2020-2021,0,0,
Saint-Orens FC,M,,2018-2019,2018-2019,0,0,
Saint-Pierre Milizac,M,,2019-2020,2020-2021,0,0,
Saint-Pryve Saint-Hilaire FC,M,,2018-2019,2022-2023,0,0,Saint-Pryvé Saint-Hilaire FC
Sainte-Geneviève Sports,M,,2014-2015,2019-2020,0,0,
Sainte-Savine Rivière-de-Corps,M,,2014-2015,2014-2015,0,0,
Samaritaine,M,,2020-2021,2020-2021,0,0,
Sarreguemines FC,M,,2014-2015,2018-2019,0,0,
SAS Épinal,M,,2014-2015,2022-2023,0,0,
SC Anduzien,M,,2017-2018,2017-2018,0,0,
SC Bailleulois,M,,2020-2021,2020-2021,0,0,
SC Bastia,M,Ligue 2,1995-1996,2022-2023,19,1,
SC Bocognano Gravona,M,,2014-2015,2014-2015,0,0,
SC Clémenceau Besançon,M,,2014-2015,2014-2015,0,0,
SC Dinsheim,M,,2014-2015,2015-2016,0,0,
SC Douai,M,,2015-2016,2015-2016,0,0,
SC Ebersheim,M,,2015-2016,2015-2016,0,0,
SC Feignies,M,,2016-2017,2016-2017,0,0,
SC Feignies,M,,2017-2018,2022-2023,0,0,Entente Feignies Aulnoye FC
SC Hazebrouck,M,,2015-2016,2017-2018,0,0,
SC Hérouville-Saint-Clair,M,,2014-2015,2014-2015,0,0,
SC Le Rheu,M,,2019-2020,2019-2020,0,0,
SC Marnaval,M,,2022-2023,2022-2023,0,,
SC Schiltigheim,M,,2015-2016,2021-2022,0,0,
SC Selongey,M,,2015-2016,2016-2017,0,0,IS-Selongey
Séméac Olympique Football,M,,2014-2015,2014-2015,0,0,
Séné FC,M,,2017-2018,2022-2023,0,0,
SO Chambéry Foot,M,,2021-2022,2022-2023,0,0,
SO Châtellerault,M,,2018-2019,2022-2023,0,0,
SO Cholet,M,,2014-2015,2022-2023,0,0,
SO Romorantin,M,,2016-2017,2020-2021,0,0,
Solidarité Scolaire,M,,2021-2022,2021-2022,0,0,
Sporting Toulon Var,M,,2018-2019,2022-2023,0,0,
SR Colmar,M,,2014-2015,2015-2016,0,0,
SR Kaysersberg,M,,2016-2017,2016-2017,0,0,
SR Saint-Dié,M,,2015-2016,2015-2016,0,0,SRD Saint-Dié
SS Jeanne d'Arc,M,,2018-2019,2018-2019,0,0,A
SS Saint-Louisienne,M,,2014-2015,2014-2015,0,0,AS Saint-Louisienne
SSEP Hombourg-Haut,M,,2019-2020,2022-2023,0,0,
Stade Balarucois,M,,2015-2016,2015-2016,0,0,
Stade Beaucairois,M,,2018-2019,2018-2019,0,0,30
Stade Béthunois FC,M,,2014-2015,2022-2023,0,0,
Stade Bordelais,M,,2014-2015,2022-2023,0,0,
Stade Brestois 29,M,Ligue 1,2009-2010,2022-2023,14,0,
Stade Briochin,M,,2015-2016,2021-2022,0,0,
Stade de Reims,M,Ligue 1,2010-2011,2022-2023,13,1,
Stade de Reims,F,Championnat de France de Football Féminin,2019-2020,2022-2023,4,,
Stade Lavallois,M,Ligue 2,2009-2010,2022-2023,9,0,Stade Lavallois Mayenne FC
Stade Le Portel,M,,2016-2017,2019-2020,0,0,
Stade Malherbe Caen,M,Ligue 2,1992-1993,2022-2023,18,1,
Stade Montois,M,,2015-2016,2019-2020,0,0,Football
Stade Nazairien AF,M,,2015-2016,2015-2016,0,0,
Stade Paimpolais FC,M,,2015-2016,2019-2020,0,0,
Stade Plabennecois,M,,2014-2015,2022-2023,0,0,Football
Stade Pontivyen,M,,2014-2015,2022-2023,0,0,
Stade Rennais FC,M,Ligue 1,1995-1996,2022-2023,28,0,
Stade Ygossais,M,,2017-2018,2017-2018,0,0,
Stella Maris Douarnenez,M,,2017-2018,2018-2019,0,0,
SU Dives,M,,2015-2016,2016-2017,0,0,Cabourg Football
Sud Nivernais Imphy Decize,M,,2017-2018,2017-2018,0,0,
TA Rennes,M,,2015-2016,2019-2020,0,0,
Tarbes Pyrénées Football,M,,2014-2015,2017-2018,0,0,
Toulouse FC,M,Ligue 1,1997-1998,2022-2023,23,1,
Toulouse Métropole FC,M,,2021-2022,2021-2022,0,0,
Toulouse Rodéo FC,M,,2014-2015,2019-2020,0,0,
Toulouse Saint Joseph FC,M,,2015-2016,2015-2016,0,0,
Tours FC,M,,2009-2010,2020-2021,9,0,
Trélissac FC,M,,2014-2015,2022-2023,0,0,
Troyes AC,M,Ligue 1,1999-2000,2022-2023,19,2,
TVEC Les Sables-d'Olonne,M,,2016-2017,2017-2018,0,0,TVEC Les Sables-D'Olonne
UA Niort St Florent,M,,2016-2017,2016-2017,0,0,
UF Belleville Saint-Jean D'Ardière,M,,2016-2017,2016-2017,0,0,
UF Mâcon,M,,2016-2017,2022-2023,0,0,
UJA Maccabi Paris Métropole,M,,2015-2016,2015-2016,0,0,UJA Maccabi Paris Metropole
UL Plantières Metz,M,,2021-2022,2021-2022,0,0,
UL Rombas,M,,2017-2018,2017-2018,0,0,
UMSF Montélimar,M,,2015-2016,2018-2019,0,0,
Union Saint-Estève Esp.Perpignan MM,M,,2022-2023,2022-2023,0,,
US Alençon,M,,2016-2017,2022-2023,0,0,
US Annecy-le-Vieux,M,,2018-2019,2019-2020,0,0,
US Avize-Grauves,M,,2018-2019,2018-2019,0,0,
US Avranches,M,,2014-2015,2022-2023,0,0,Mont-Saint-Michel
US Blavozy,M,,2021-2022,2021-2022,0,0,
US Boulogne,M,,2009-2010,2020-2021,3,0,US Boulogne Côte d'Opale
US Changé,M,,2015-2016,2020-2021,0,0,enne
US Chantilly,M,,2015-2016,2020-2021,0,0,
US Charitoise Football,M,,2018-2019,2019-2020,0,0,
US Chauny,M,,2016-2017,2016-2017,0,0,
US Chauvigny,M,,2014-2015,2021-2022,0,0,
US Cheminots Paray,M,,2018-2019,2018-2019,0,0,
US Choisy-au-Bac,M,,2017-2018,2017-2018,0,0,
US Colomiers Football,M,,2015-2016,2022-2023,0,0,US Colomiers
US Concarneau,M,,2014-2015,2022-2023,0,0,
US Créteil-Lusitanos,M,,2013-2014,2021-2022,3,0,
US Escaudain Football,M,,2022-2023,2022-2023,0,,
US Esquelbecq,M,,2021-2022,2021-2022,0,0,
US Feillens,M,,2018-2019,2018-2019,0,0,
US Feurs,M,,2017-2018,2022-2023,0,0,
US Forbach,M,,2014-2015,2019-2020,0,0,
US Gieroise,M,,2015-2016,2015-2016,0,0,
US Granville,M,,2015-2016,2022-2023,0,0,
US Gravelines Foot,M,,2018-2019,2019-2020,0,0,
US Ittenheim,M,,2017-2018,2017-2018,0,0,
US La Baule - Le Pouliguen,M,,2019-2020,2019-2020,0,0,
US La Gacilly,M,,2015-2016,2015-2016,0,0,
US Laon,M,,2014-2015,2020-2021,0,0,
US Le Pays du Valois,M,,2022-2023,2022-2023,0,,
US Lège-Cap-Ferret,M,,2015-2016,2022-2023,0,0,
US Lesquin,M,,2020-2021,2020-2021,0,0,
US Liffré,M,,2015-2016,2021-2022,0,0,
US Lillebonne,M,,2014-2015,2014-2015,0,0,
US Lormont,M,,2014-2015,2014-2015,0,0,
US Lusitanos de Saint-Maur,M,,2014-2015,2020-2021,0,0,
US Macouria,M,,2014-2015,2014-2015,0,0,
US Marignane,M,,2018-2019,2018-2019,0,0,Marignane Gignac FC
US Marseille Endoume,M,,2014-2015,2019-2020,0,0,USM Endoume Catalans
US Matoury,M,,2014-2015,2018-2019,0,0,
US Maubeuge,M,,2014-2015,2016-2017,0,0,
US Mineurs de Waziers,M,,2021-2022,2021-2022,0,0,
US Montagnarde,M,,2015-2016,2020-2021,0,0,
US Mozac,M,,2019-2020,2019-2020,0,0,
US Noeux-les-Mines,M,,2014-2015,2019-2020,0,0,
US Nogent,M,,2018-2019,2018-2019,0,0,
US Oberlauterbach-Eberbach,M,,2016-2017,2016-2017,0,0,
US Oberschaeffolsheim,M,,2019-2020,2019-2020,0,0,
US Orléans,M,,2014-2015,2021-2022,5,0,
US Pays de Cassel,M,,2022-2023,2022-2023,0,,
US Perros-Louannec,M,,2021-2022,2021-2022,0,0,
US Pont Sainte-Maxence,M,,2019-2020,2022-2023,0,0,
US Quevilly-Rouen Métropole,M,Ligue 2,2014-2015,2022-2023,3,0,
US Raon-l'Étape,M,,2015-2016,2022-2023,0,0,US Raon l'Etape
US Reipertswiller,M,,2018-2019,2022-2023,0,0,
US Roye-Noyon,M,,2016-2017,2016-2017,0,0,Coeur de Picardie
US Rungis,M,,2017-2018,2017-2018,0,0,
US Saint Galmier Chamboeuf,M,,2019-2020,2019-2020,0,0,
US Saint-Berthevin Football,M,,2014-2015,2014-2015,0,0,
US Saint-Grégorienne F 35,M,,2022-2023,2022-2023,0,,
US Saint-Malo,M,,2014-2015,2022-2023,0,0,
US Saint-Maximin,M,,2016-2017,2019-2020,0,0,
US Saint-Omer,M,,2014-2015,2020-2021,0,0,
US Saint-Sernin-du-Bois,M,,2016-2017,2016-2017,0,0,
US Sainte-Marienne,M,,2015-2016,2020-2021,0,0,
US Salinière Aigues-Mortes,M,,2018-2019,2022-2023,0,0,
US Sanfloraine Saint-Flour,M,,2019-2020,2019-2020,0,0,
US Sarre-Union,M,,2014-2015,2022-2023,0,0,
US Sénart-Moissy,M,,2016-2017,2021-2022,0,0,
US Sinnamary,M,,2020-2021,2020-2021,0,0,
US St. Sauveur,M,,2015-2016,2015-2016,0,0,
US Téteghem,M,,2022-2023,2022-2023,0,,
US Thionville Lusitanos,M,,2021-2022,2021-2022,0,0,
US Tourcoing FC,M,,2019-2020,2021-2022,0,0,
US Trégunc,M,,2021-2022,2021-2022,0,0,
US Vandoeuvre,M,,2019-2020,2019-2020,0,0,
US Vic Le Comte,M,,2015-2016,2015-2016,0,0,
US Vimy,M,,2015-2016,2018-2019,0,0,
USJA Carquefou,M,,2014-2015,2021-2022,0,0,
USL Dunkerque,M,,2014-2015,2022-2023,2,0,
USM Saran,M,,2014-2015,2014-2015,0,0,
USM Senlis,M,,2017-2018,2019-2020,0,0,
USON Mondeville,M,,2018-2019,2018-2019,0,0,
USPF Saint-Philbert-de-Grand-Lieu,M,,2020-2021,2021-2022,0,0,
USSA Vertou,M,,2014-2015,2018-2019,0,0,
USSM Loos-en-Gohelle,M,,2020-2021,2020-2021,0,0,
Valenciennes FC,M,Ligue 2,2006-2007,2022-2023,17,0,
Vannes OC,M,,2009-2010,2022-2023,2,0,
Velay FC,M,,2022-2023,2022-2023,0,,
Vendée Fontenay Foot,M,,2014-2015,2020-2021,0,0,
Vendée Luçon Football,M,,2014-2015,2021-2022,0,0,Vendée Luçon Foot
Vendée Poiré-sur-Vie Football,M,,2014-2015,2019-2020,0,0,
Vierzon Foot 18,M,,2014-2015,2022-2023,0,0,Vierzon FC
Villemomble Sports,M,,2019-2020,2019-2020,0,0,
Villeneuve-d'Ascq Métropole,M,,2016-2017,2016-2017,0,0,
Voltigeurs de Châteaubriant,M,,2014-2015,2022-2023,0,0,
Ytrac Foot,M,,2016-2017,2016-2017,0,0,
Yvetot AC,M,,2015-2016,2015-2016,0,0,